,Unnamed: 0,name,sic,fye,form,period,fy,fp,filed,ticker,cik,ddate,qtrs,uom,value,adsh,stmt,tag,version,plabel
1341954,23237,ABBVIE INC.,2834.0,1231.0,10-K,20181231.0,2018.0,FY,20190227,abbv,1551152,20171231,0.0,USD,1326000000.0,0001551152-19-000008,BS,OtherAssetsNoncurrent,us-gaap/2018,Other assets
1341955,23238,ABBVIE INC.,2834.0,1231.0,10-K,20181231.0,2018.0,FY,20190227,abbv,1551152,20181231,0.0,USD,1208000000.0,0001551152-19-000008,BS,OtherAssetsNoncurrent,us-gaap/2018,Other assets
1341956,23239,ABBVIE INC.,2834.0,1231.0,10-K,20181231.0,2018.0,FY,20190227,abbv,1551152,20161231,4.0,USD,-1000000.0,0001551152-19-000008,CI,OtherComprehensiveIncomeAvailableforsaleSecuritiesAdjustmentNetOfTaxPortionAttributableToParent,us-gaap/2018,"Marketable security activities, net of tax expense (benefit) of $ in 2018, $(8) in 2017 and $(11) in 2016"
1341957,23240,ABBVIE INC.,2834.0,1231.0,10-K,20181231.0,2018.0,FY,20190227,abbv,1551152,20171231,4.0,USD,-46000000.0,0001551152-19-000008,CI,OtherComprehensiveIncomeAvailableforsaleSecuritiesAdjustmentNetOfTaxPortionAttributableToParent,us-gaap/2018,"Marketable security activities, net of tax expense (benefit) of $ in 2018, $(8) in 2017 and $(11) in 2016"
1341958,23241,ABBVIE INC.,2834.0,1231.0,10-K,20181231.0,2018.0,FY,20190227,abbv,1551152,20181231,4.0,USD,-10000000.0,0001551152-19-000008,CI,OtherComprehensiveIncomeAvailableforsaleSecuritiesAdjustmentNetOfTaxPortionAttributableToParent,us-gaap/2018,"Marketable security activities, net of tax expense (benefit) of $ in 2018, $(8) in 2017 and $(11) in 2016"
1341959,23242,ABBVIE INC.,2834.0,1231.0,10-K,20181231.0,2018.0,FY,20190227,abbv,1551152,20161231,4.0,USD,-11000000.0,0001551152-19-000008,CI,OtherComprehensiveIncomeAvailableforsaleSecuritiesTaxPortionAttributableToParent,us-gaap/2018,"Marketable security activities, tax expense (benefit)"
1341960,23243,ABBVIE INC.,2834.0,1231.0,10-K,20181231.0,2018.0,FY,20190227,abbv,1551152,20171231,4.0,USD,-8000000.0,0001551152-19-000008,CI,OtherComprehensiveIncomeAvailableforsaleSecuritiesTaxPortionAttributableToParent,us-gaap/2018,"Marketable security activities, tax expense (benefit)"
1341961,23244,ABBVIE INC.,2834.0,1231.0,10-K,20181231.0,2018.0,FY,20190227,abbv,1551152,20181231,4.0,USD,0.0,0001551152-19-000008,CI,OtherComprehensiveIncomeAvailableforsaleSecuritiesTaxPortionAttributableToParent,us-gaap/2018,"Marketable security activities, tax expense (benefit)"
1341962,23245,ABBVIE INC.,2834.0,1231.0,10-K,20181231.0,2018.0,FY,20190227,abbv,1551152,20161231,4.0,USD,135000000.0,0001551152-19-000008,CI,OtherComprehensiveIncomeDefinedBenefitPlansAdjustmentNetOfTaxPortionAttributableToParent,us-gaap/2018,"Pension and post-employment benefits, net of tax expense (benefit) of $35 in 2018, $(94) in 2017 and $(75) in 2016"
1341963,23246,ABBVIE INC.,2834.0,1231.0,10-K,20181231.0,2018.0,FY,20190227,abbv,1551152,20171231,4.0,USD,406000000.0,0001551152-19-000008,CI,OtherComprehensiveIncomeDefinedBenefitPlansAdjustmentNetOfTaxPortionAttributableToParent,us-gaap/2018,"Pension and post-employment benefits, net of tax expense (benefit) of $35 in 2018, $(94) in 2017 and $(75) in 2016"
1341964,23247,ABBVIE INC.,2834.0,1231.0,10-K,20181231.0,2018.0,FY,20190227,abbv,1551152,20181231,4.0,USD,-197000000.0,0001551152-19-000008,CI,OtherComprehensiveIncomeDefinedBenefitPlansAdjustmentNetOfTaxPortionAttributableToParent,us-gaap/2018,"Pension and post-employment benefits, net of tax expense (benefit) of $35 in 2018, $(94) in 2017 and $(75) in 2016"
1341965,23248,ABBVIE INC.,2834.0,1231.0,10-K,20181231.0,2018.0,FY,20190227,abbv,1551152,20161231,4.0,USD,75000000.0,0001551152-19-000008,CI,OtherComprehensiveIncomeDefinedBenefitPlansTaxPortionAttributableToParent,us-gaap/2018,"Pension and post-employment benefits, tax expense (benefit)"
1341966,23249,ABBVIE INC.,2834.0,1231.0,10-K,20181231.0,2018.0,FY,20190227,abbv,1551152,20171231,4.0,USD,94000000.0,0001551152-19-000008,CI,OtherComprehensiveIncomeDefinedBenefitPlansTaxPortionAttributableToParent,us-gaap/2018,"Pension and post-employment benefits, tax expense (benefit)"
1341967,23250,ABBVIE INC.,2834.0,1231.0,10-K,20181231.0,2018.0,FY,20190227,abbv,1551152,20181231,4.0,USD,-35000000.0,0001551152-19-000008,CI,OtherComprehensiveIncomeDefinedBenefitPlansTaxPortionAttributableToParent,us-gaap/2018,"Pension and post-employment benefits, tax expense (benefit)"
1341968,23251,ABBVIE INC.,2834.0,1231.0,10-K,20181231.0,2018.0,FY,20190227,abbv,1551152,20161231,4.0,USD,-165000000.0,0001551152-19-000008,CI,OtherComprehensiveIncomeForeignCurrencyTransactionAndTranslationAdjustmentNetOfTaxPortionAttributableToParent,us-gaap/2018,"Foreign currency translation adjustments, net of tax expense (benefit) of $(18) in 2018, $34 in 2017 and $(31) in 2016"
1341969,23252,ABBVIE INC.,2834.0,1231.0,10-K,20181231.0,2018.0,FY,20190227,abbv,1551152,20171231,4.0,USD,996000000.0,0001551152-19-000008,CI,OtherComprehensiveIncomeForeignCurrencyTransactionAndTranslationAdjustmentNetOfTaxPortionAttributableToParent,us-gaap/2018,"Foreign currency translation adjustments, net of tax expense (benefit) of $(18) in 2018, $34 in 2017 and $(31) in 2016"
1341970,23253,ABBVIE INC.,2834.0,1231.0,10-K,20181231.0,2018.0,FY,20190227,abbv,1551152,20181231,4.0,USD,-391000000.0,0001551152-19-000008,CI,OtherComprehensiveIncomeForeignCurrencyTransactionAndTranslationAdjustmentNetOfTaxPortionAttributableToParent,us-gaap/2018,"Foreign currency translation adjustments, net of tax expense (benefit) of $(18) in 2018, $34 in 2017 and $(31) in 2016"
1341971,23254,ABBVIE INC.,2834.0,1231.0,10-K,20181231.0,2018.0,FY,20190227,abbv,1551152,20161231,4.0,USD,-31000000.0,0001551152-19-000008,CI,OtherComprehensiveIncomeForeignCurrencyTranslationAdjustmentTaxPortionAttributableToParent,us-gaap/2018,"Foreign currency translation adjustments, tax expense (benefit)"
1341972,23255,ABBVIE INC.,2834.0,1231.0,10-K,20181231.0,2018.0,FY,20190227,abbv,1551152,20171231,4.0,USD,34000000.0,0001551152-19-000008,CI,OtherComprehensiveIncomeForeignCurrencyTranslationAdjustmentTaxPortionAttributableToParent,us-gaap/2018,"Foreign currency translation adjustments, tax expense (benefit)"
1341973,23256,ABBVIE INC.,2834.0,1231.0,10-K,20181231.0,2018.0,FY,20190227,abbv,1551152,20181231,4.0,USD,-18000000.0,0001551152-19-000008,CI,OtherComprehensiveIncomeForeignCurrencyTranslationAdjustmentTaxPortionAttributableToParent,us-gaap/2018,"Foreign currency translation adjustments, tax expense (benefit)"
1341974,23257,ABBVIE INC.,2834.0,1231.0,10-K,20181231.0,2018.0,FY,20190227,abbv,1551152,20161231,4.0,USD,136000000.0,0001551152-19-000008,CI,OtherComprehensiveIncomeLossCashFlowHedgeGainLossAfterReclassificationAndTaxParent,us-gaap/2018,"Cash flow hedging activities, net of tax expense (benefit) of $23 in 2018, $(26) in 2017 and $18 in 2016"
1341975,23258,ABBVIE INC.,2834.0,1231.0,10-K,20181231.0,2018.0,FY,20190227,abbv,1551152,20171231,4.0,USD,-342000000.0,0001551152-19-000008,CI,OtherComprehensiveIncomeLossCashFlowHedgeGainLossAfterReclassificationAndTaxParent,us-gaap/2018,"Cash flow hedging activities, net of tax expense (benefit) of $23 in 2018, $(26) in 2017 and $18 in 2016"
1341976,23259,ABBVIE INC.,2834.0,1231.0,10-K,20181231.0,2018.0,FY,20190227,abbv,1551152,20181231,4.0,USD,313000000.0,0001551152-19-000008,CI,OtherComprehensiveIncomeLossCashFlowHedgeGainLossAfterReclassificationAndTaxParent,us-gaap/2018,"Cash flow hedging activities, net of tax expense (benefit) of $23 in 2018, $(26) in 2017 and $18 in 2016"
1341977,23260,ABBVIE INC.,2834.0,1231.0,10-K,20181231.0,2018.0,FY,20190227,abbv,1551152,20161231,4.0,USD,18000000.0,0001551152-19-000008,CI,OtherComprehensiveIncomeLossCashFlowHedgeGainLossAfterReclassificationTaxParent,us-gaap/2018,"Hedging activities, tax expense (benefit)"
1341978,23261,ABBVIE INC.,2834.0,1231.0,10-K,20181231.0,2018.0,FY,20190227,abbv,1551152,20171231,4.0,USD,-26000000.0,0001551152-19-000008,CI,OtherComprehensiveIncomeLossCashFlowHedgeGainLossAfterReclassificationTaxParent,us-gaap/2018,"Hedging activities, tax expense (benefit)"
1341979,23262,ABBVIE INC.,2834.0,1231.0,10-K,20181231.0,2018.0,FY,20190227,abbv,1551152,20181231,4.0,USD,23000000.0,0001551152-19-000008,CI,OtherComprehensiveIncomeLossCashFlowHedgeGainLossAfterReclassificationTaxParent,us-gaap/2018,"Hedging activities, tax expense (benefit)"
1347598,28911,ABBVIE INC.,2834.0,1231.0,10-K,20181231.0,2018.0,FY,20190227,abbv,1551152,20161231,4.0,USD,-25000000.0,0001551152-19-000008,CI,OtherComprehensiveIncomeLossNetOfTaxPortionAttributableToParent,us-gaap/2018,Other comprehensive income (loss)
1347599,28912,ABBVIE INC.,2834.0,1231.0,10-K,20181231.0,2018.0,FY,20190227,abbv,1551152,20161231,4.0,USD,-25000000.0,0001551152-19-000008,EQ,OtherComprehensiveIncomeLossNetOfTaxPortionAttributableToParent,us-gaap/2018,"Other comprehensive loss, net of tax"
1347600,28913,ABBVIE INC.,2834.0,1231.0,10-K,20181231.0,2018.0,FY,20190227,abbv,1551152,20171231,4.0,USD,-141000000.0,0001551152-19-000008,CI,OtherComprehensiveIncomeLossNetOfTaxPortionAttributableToParent,us-gaap/2018,Other comprehensive income (loss)
1347601,28914,ABBVIE INC.,2834.0,1231.0,10-K,20181231.0,2018.0,FY,20190227,abbv,1551152,20171231,4.0,USD,-141000000.0,0001551152-19-000008,EQ,OtherComprehensiveIncomeLossNetOfTaxPortionAttributableToParent,us-gaap/2018,"Other comprehensive loss, net of tax"
1347602,28915,ABBVIE INC.,2834.0,1231.0,10-K,20181231.0,2018.0,FY,20190227,abbv,1551152,20181231,4.0,USD,247000000.0,0001551152-19-000008,CI,OtherComprehensiveIncomeLossNetOfTaxPortionAttributableToParent,us-gaap/2018,Other comprehensive income (loss)
1347603,28916,ABBVIE INC.,2834.0,1231.0,10-K,20181231.0,2018.0,FY,20190227,abbv,1551152,20181231,4.0,USD,247000000.0,0001551152-19-000008,EQ,OtherComprehensiveIncomeLossNetOfTaxPortionAttributableToParent,us-gaap/2018,"Other comprehensive loss, net of tax"
1347604,28917,ABBVIE INC.,2834.0,1231.0,10-K,20181231.0,2018.0,FY,20190227,abbv,1551152,20171231,0.0,USD,2490000000.0,0001551152-19-000008,BS,DeferredTaxLiabilitiesNoncurrent,us-gaap/2018,Deferred income taxes
1347605,28918,ABBVIE INC.,2834.0,1231.0,10-K,20181231.0,2018.0,FY,20190227,abbv,1551152,20181231,0.0,USD,1067000000.0,0001551152-19-000008,BS,DeferredTaxLiabilitiesNoncurrent,us-gaap/2018,Deferred income taxes
1347606,28919,ABBVIE INC.,2834.0,1231.0,10-K,20181231.0,2018.0,FY,20190227,abbv,1551152,20161231,4.0,USD,228000000.0,0001551152-19-000008,CF,BusinessCombinationContingentConsiderationArrangementsChangeInAmountOfContingentConsiderationLiability1,us-gaap/2018,Change in fair value of contingent consideration liabilities
1347607,28920,ABBVIE INC.,2834.0,1231.0,10-K,20181231.0,2018.0,FY,20190227,abbv,1551152,20170331,1.0,USD,84000000.0,0001551152-19-000008,CF,BusinessCombinationContingentConsiderationArrangementsChangeInAmountOfContingentConsiderationLiability1,us-gaap/2018,Change in fair value of contingent consideration liabilities
1347608,28921,ABBVIE INC.,2834.0,1231.0,10-K,20181231.0,2018.0,FY,20190227,abbv,1551152,20170630,1.0,USD,61000000.0,0001551152-19-000008,CF,BusinessCombinationContingentConsiderationArrangementsChangeInAmountOfContingentConsiderationLiability1,us-gaap/2018,Change in fair value of contingent consideration liabilities
1347609,28922,ABBVIE INC.,2834.0,1231.0,10-K,20181231.0,2018.0,FY,20190227,abbv,1551152,20170930,1.0,USD,401000000.0,0001551152-19-000008,CF,BusinessCombinationContingentConsiderationArrangementsChangeInAmountOfContingentConsiderationLiability1,us-gaap/2018,Change in fair value of contingent consideration liabilities
1347610,28923,ABBVIE INC.,2834.0,1231.0,10-K,20181231.0,2018.0,FY,20190227,abbv,1551152,20171231,1.0,USD,79000000.0,0001551152-19-000008,CF,BusinessCombinationContingentConsiderationArrangementsChangeInAmountOfContingentConsiderationLiability1,us-gaap/2018,Change in fair value of contingent consideration liabilities
1347611,28924,ABBVIE INC.,2834.0,1231.0,10-K,20181231.0,2018.0,FY,20190227,abbv,1551152,20171231,4.0,USD,626000000.0,0001551152-19-000008,CF,BusinessCombinationContingentConsiderationArrangementsChangeInAmountOfContingentConsiderationLiability1,us-gaap/2018,Change in fair value of contingent consideration liabilities
1347612,28925,ABBVIE INC.,2834.0,1231.0,10-K,20181231.0,2018.0,FY,20190227,abbv,1551152,20180331,1.0,USD,-148000000.0,0001551152-19-000008,CF,BusinessCombinationContingentConsiderationArrangementsChangeInAmountOfContingentConsiderationLiability1,us-gaap/2018,Change in fair value of contingent consideration liabilities
1347613,28926,ABBVIE INC.,2834.0,1231.0,10-K,20181231.0,2018.0,FY,20190227,abbv,1551152,20180630,1.0,USD,485000000.0,0001551152-19-000008,CF,BusinessCombinationContingentConsiderationArrangementsChangeInAmountOfContingentConsiderationLiability1,us-gaap/2018,Change in fair value of contingent consideration liabilities
1347614,28927,ABBVIE INC.,2834.0,1231.0,10-K,20181231.0,2018.0,FY,20190227,abbv,1551152,20180930,1.0,USD,95000000.0,0001551152-19-000008,CF,BusinessCombinationContingentConsiderationArrangementsChangeInAmountOfContingentConsiderationLiability1,us-gaap/2018,Change in fair value of contingent consideration liabilities
1347615,28928,ABBVIE INC.,2834.0,1231.0,10-K,20181231.0,2018.0,FY,20190227,abbv,1551152,20181231,1.0,USD,-375000000.0,0001551152-19-000008,CF,BusinessCombinationContingentConsiderationArrangementsChangeInAmountOfContingentConsiderationLiability1,us-gaap/2018,Change in fair value of contingent consideration liabilities
1347616,28929,ABBVIE INC.,2834.0,1231.0,10-K,20181231.0,2018.0,FY,20190227,abbv,1551152,20181231,4.0,USD,49000000.0,0001551152-19-000008,CF,BusinessCombinationContingentConsiderationArrangementsChangeInAmountOfContingentConsiderationLiability1,us-gaap/2018,Change in fair value of contingent consideration liabilities
1354378,35768,ABBVIE INC.,2834.0,1231.0,10-K,20181231.0,2018.0,FY,20190227,abbv,1551152,20171231,0.0,USD,1605000000.0,0001551152-19-000008,BS,InventoryNet,us-gaap/2018,Inventories
1354379,35769,ABBVIE INC.,2834.0,1231.0,10-K,20181231.0,2018.0,FY,20190227,abbv,1551152,20181231,0.0,USD,1605000000.0,0001551152-19-000008,BS,InventoryNet,us-gaap/2018,Inventories
1354380,35770,ABBVIE INC.,2834.0,1231.0,10-K,20181231.0,2018.0,FY,20190227,abbv,1551152,20171231,0.0,USD,10226000000.0,0001551152-19-000008,BS,AccountsPayableAndAccruedLiabilitiesCurrent,us-gaap/2018,Accounts payable and accrued liabilities
1354381,35771,ABBVIE INC.,2834.0,1231.0,10-K,20181231.0,2018.0,FY,20190227,abbv,1551152,20181231,0.0,USD,11931000000.0,0001551152-19-000008,BS,AccountsPayableAndAccruedLiabilitiesCurrent,us-gaap/2018,Accounts payable and accrued liabilities
1354382,35772,ABBVIE INC.,2834.0,1231.0,10-K,20181231.0,2018.0,FY,20190227,abbv,1551152,20161231,4.0,USD,38000000.0,0001551152-19-000008,CF,IncreaseDecreaseInInventories,us-gaap/2018,Inventories
1354383,35773,ABBVIE INC.,2834.0,1231.0,10-K,20181231.0,2018.0,FY,20190227,abbv,1551152,20171231,4.0,USD,-93000000.0,0001551152-19-000008,CF,IncreaseDecreaseInInventories,us-gaap/2018,Inventories
1354384,35774,ABBVIE INC.,2834.0,1231.0,10-K,20181231.0,2018.0,FY,20190227,abbv,1551152,20181231,4.0,USD,226000000.0,0001551152-19-000008,CF,IncreaseDecreaseInInventories,us-gaap/2018,Inventories
1361607,43103,ABBVIE INC.,2834.0,1231.0,10-K,20181231.0,2018.0,FY,20190227,abbv,1551152,20161231,4.0,USD,-303000000.0,0001551152-19-000008,IS,ForeignCurrencyTransactionGainLossBeforeTax,us-gaap/2018,Net foreign exchange loss
1361608,43104,ABBVIE INC.,2834.0,1231.0,10-K,20181231.0,2018.0,FY,20190227,abbv,1551152,20171231,4.0,USD,-348000000.0,0001551152-19-000008,IS,ForeignCurrencyTransactionGainLossBeforeTax,us-gaap/2018,Net foreign exchange loss
1361609,43105,ABBVIE INC.,2834.0,1231.0,10-K,20181231.0,2018.0,FY,20190227,abbv,1551152,20181231,4.0,USD,-24000000.0,0001551152-19-000008,IS,ForeignCurrencyTransactionGainLossBeforeTax,us-gaap/2018,Net foreign exchange loss
1361610,43106,ABBVIE INC.,2834.0,1231.0,10-K,20181231.0,2018.0,FY,20190227,abbv,1551152,20161231,4.0,USD,298000000.0,0001551152-19-000008,CF,ForeignCurrencyTransactionLossBeforeTax,us-gaap/2018,Devaluation loss related to Venezuela
1361611,43107,ABBVIE INC.,2834.0,1231.0,10-K,20181231.0,2018.0,FY,20190227,abbv,1551152,20171231,4.0,USD,0.0,0001551152-19-000008,CF,ForeignCurrencyTransactionLossBeforeTax,us-gaap/2018,Devaluation loss related to Venezuela
1361612,43108,ABBVIE INC.,2834.0,1231.0,10-K,20181231.0,2018.0,FY,20190227,abbv,1551152,20181231,4.0,USD,0.0,0001551152-19-000008,CF,ForeignCurrencyTransactionLossBeforeTax,us-gaap/2018,Devaluation loss related to Venezuela
1361613,43109,ABBVIE INC.,2834.0,1231.0,10-K,20181231.0,2018.0,FY,20190227,abbv,1551152,20161231,4.0,USD,393000000.0,0001551152-19-000008,CF,IncreaseDecreaseInPrepaidDeferredExpenseAndOtherAssets,us-gaap/2018,Prepaid expenses and other assets
1361614,43110,ABBVIE INC.,2834.0,1231.0,10-K,20181231.0,2018.0,FY,20190227,abbv,1551152,20171231,4.0,USD,118000000.0,0001551152-19-000008,CF,IncreaseDecreaseInPrepaidDeferredExpenseAndOtherAssets,us-gaap/2018,Prepaid expenses and other assets
1361615,43111,ABBVIE INC.,2834.0,1231.0,10-K,20181231.0,2018.0,FY,20190227,abbv,1551152,20181231,4.0,USD,499000000.0,0001551152-19-000008,CF,IncreaseDecreaseInPrepaidDeferredExpenseAndOtherAssets,us-gaap/2018,Prepaid expenses and other assets
1361616,43112,ABBVIE INC.,2834.0,1231.0,10-K,20181231.0,2018.0,FY,20190227,abbv,1551152,20171231,0.0,USD,5088000000.0,0001551152-19-000008,BS,AccountsReceivableNetCurrent,us-gaap/2018,"Accounts receivable, net"
1361617,43113,ABBVIE INC.,2834.0,1231.0,10-K,20181231.0,2018.0,FY,20190227,abbv,1551152,20181231,0.0,USD,5384000000.0,0001551152-19-000008,BS,AccountsReceivableNetCurrent,us-gaap/2018,"Accounts receivable, net"
1361618,43114,ABBVIE INC.,2834.0,1231.0,10-K,20181231.0,2018.0,FY,20190227,abbv,1551152,20161231,4.0,USD,425000000.0,0001551152-19-000008,CF,Depreciation,us-gaap/2018,Depreciation
1361619,43115,ABBVIE INC.,2834.0,1231.0,10-K,20181231.0,2018.0,FY,20190227,abbv,1551152,20171231,4.0,USD,425000000.0,0001551152-19-000008,CF,Depreciation,us-gaap/2018,Depreciation
1361620,43116,ABBVIE INC.,2834.0,1231.0,10-K,20181231.0,2018.0,FY,20190227,abbv,1551152,20181231,4.0,USD,471000000.0,0001551152-19-000008,CF,Depreciation,us-gaap/2018,Depreciation
1361621,43117,ABBVIE INC.,2834.0,1231.0,10-K,20181231.0,2018.0,FY,20190227,abbv,1551152,20171231,0.0,USD,70786000000.0,0001551152-19-000008,BS,Assets,us-gaap/2018,Total assets
1361622,43118,ABBVIE INC.,2834.0,1231.0,10-K,20181231.0,2018.0,FY,20190227,abbv,1551152,20181231,0.0,USD,59352000000.0,0001551152-19-000008,BS,Assets,us-gaap/2018,Total assets
1361623,43119,ABBVIE INC.,2834.0,1231.0,10-K,20181231.0,2018.0,FY,20190227,abbv,1551152,20171231,0.0,USD,21223000000.0,0001551152-19-000008,BS,AssetsCurrent,us-gaap/2018,Total current assets
1361624,43120,ABBVIE INC.,2834.0,1231.0,10-K,20181231.0,2018.0,FY,20190227,abbv,1551152,20181231,0.0,USD,16945000000.0,0001551152-19-000008,BS,AssetsCurrent,us-gaap/2018,Total current assets
1361625,43121,ABBVIE INC.,2834.0,1231.0,10-K,20181231.0,2018.0,FY,20190227,abbv,1551152,20161231,4.0,USD,39000000.0,0001551152-19-000008,CF,ImpairmentOfIntangibleAssetsExcludingGoodwill,us-gaap/2018,Intangible asset impairment
1361626,43122,ABBVIE INC.,2834.0,1231.0,10-K,20181231.0,2018.0,FY,20190227,abbv,1551152,20171231,4.0,USD,354000000.0,0001551152-19-000008,CF,ImpairmentOfIntangibleAssetsExcludingGoodwill,us-gaap/2018,Intangible asset impairment
1361627,43123,ABBVIE INC.,2834.0,1231.0,10-K,20181231.0,2018.0,FY,20190227,abbv,1551152,20181231,4.0,USD,5070000000.0,0001551152-19-000008,CF,ImpairmentOfIntangibleAssetsExcludingGoodwill,us-gaap/2018,Intangible asset impairment
1370185,51743,ABBVIE INC.,2834.0,1231.0,10-K,20181231.0,2018.0,FY,20190227,abbv,1551152,20161231,4.0,USD,7884000000.0,0001551152-19-000008,IS,IncomeLossFromContinuingOperationsBeforeIncomeTaxesMinorityInterestAndIncomeLossFromEquityMethodInvestments,us-gaap/2018,Earnings before income taxes
1370186,51744,ABBVIE INC.,2834.0,1231.0,10-K,20181231.0,2018.0,FY,20190227,abbv,1551152,20171231,4.0,USD,7727000000.0,0001551152-19-000008,IS,IncomeLossFromContinuingOperationsBeforeIncomeTaxesMinorityInterestAndIncomeLossFromEquityMethodInvestments,us-gaap/2018,Earnings before income taxes
1370187,51745,ABBVIE INC.,2834.0,1231.0,10-K,20181231.0,2018.0,FY,20190227,abbv,1551152,20181231,4.0,USD,5197000000.0,0001551152-19-000008,IS,IncomeLossFromContinuingOperationsBeforeIncomeTaxesMinorityInterestAndIncomeLossFromEquityMethodInvestments,us-gaap/2018,Earnings before income taxes
1370188,51746,ABBVIE INC.,2834.0,1231.0,10-K,20181231.0,2018.0,FY,20190227,abbv,1551152,20161231,4.0,USD,3563000000.0,0001551152-19-000008,CF,IncomeTaxesPaid,us-gaap/2018,Income taxes paid
1370189,51747,ABBVIE INC.,2834.0,1231.0,10-K,20181231.0,2018.0,FY,20190227,abbv,1551152,20171231,4.0,USD,1696000000.0,0001551152-19-000008,CF,IncomeTaxesPaid,us-gaap/2018,Income taxes paid
1370190,51748,ABBVIE INC.,2834.0,1231.0,10-K,20181231.0,2018.0,FY,20190227,abbv,1551152,20161231,4.0,USD,1931000000.0,0001551152-19-000008,IS,IncomeTaxExpenseBenefit,us-gaap/2018,Income tax expense (benefit)
1370191,51749,ABBVIE INC.,2834.0,1231.0,10-K,20181231.0,2018.0,FY,20190227,abbv,1551152,20171231,4.0,USD,2418000000.0,0001551152-19-000008,IS,IncomeTaxExpenseBenefit,us-gaap/2018,Income tax expense (benefit)
1370192,51750,ABBVIE INC.,2834.0,1231.0,10-K,20181231.0,2018.0,FY,20190227,abbv,1551152,20181231,4.0,USD,-490000000.0,0001551152-19-000008,IS,IncomeTaxExpenseBenefit,us-gaap/2018,Income tax expense (benefit)
1370193,51751,ABBVIE INC.,2834.0,1231.0,10-K,20181231.0,2018.0,FY,20190227,abbv,1551152,20171231,0.0,USD,,0001551152-19-000008,BS,CommitmentsAndContingencies,us-gaap/2018,Commitments and contingencies
1370194,51752,ABBVIE INC.,2834.0,1231.0,10-K,20181231.0,2018.0,FY,20190227,abbv,1551152,20181231,0.0,USD,,0001551152-19-000008,BS,CommitmentsAndContingencies,us-gaap/2018,Commitments and contingencies
1370195,51753,ABBVIE INC.,2834.0,1231.0,10-K,20181231.0,2018.0,FY,20190227,abbv,1551152,20161231,4.0,USD,0.0,0001551152-19-000008,CF,PaymentForContingentConsiderationLiabilityFinancingActivities,us-gaap/2018,Payments of contingent consideration liabilities
1370196,51754,ABBVIE INC.,2834.0,1231.0,10-K,20181231.0,2018.0,FY,20190227,abbv,1551152,20171231,4.0,USD,268000000.0,0001551152-19-000008,CF,PaymentForContingentConsiderationLiabilityFinancingActivities,us-gaap/2018,Payments of contingent consideration liabilities
1370197,51755,ABBVIE INC.,2834.0,1231.0,10-K,20181231.0,2018.0,FY,20190227,abbv,1551152,20181231,4.0,USD,78000000.0,0001551152-19-000008,CF,PaymentForContingentConsiderationLiabilityFinancingActivities,us-gaap/2018,Payments of contingent consideration liabilities
1370198,51756,ABBVIE INC.,2834.0,1231.0,10-K,20181231.0,2018.0,FY,20190227,abbv,1551152,20161231,4.0,USD,69000000.0,0001551152-19-000008,CF,PaymentOfFinancingAndStockIssuanceCosts,us-gaap/2018,Debt issuance costs
1370199,51757,ABBVIE INC.,2834.0,1231.0,10-K,20181231.0,2018.0,FY,20190227,abbv,1551152,20171231,4.0,USD,0.0,0001551152-19-000008,CF,PaymentOfFinancingAndStockIssuanceCosts,us-gaap/2018,Debt issuance costs
1370200,51758,ABBVIE INC.,2834.0,1231.0,10-K,20181231.0,2018.0,FY,20190227,abbv,1551152,20181231,4.0,USD,40000000.0,0001551152-19-000008,CF,PaymentOfFinancingAndStockIssuanceCosts,us-gaap/2018,Debt issuance costs
1378001,60013,ABBVIE INC.,2834.0,1231.0,10-K,20181231.0,2018.0,FY,20190227,abbv,1551152,20171231,0.0,USD,0.01,0001551152-19-000008,BS,CommonStockParOrStatedValuePerShare,us-gaap/2018,"Common stock, par value (in dollars per share)"
1378002,60014,ABBVIE INC.,2834.0,1231.0,10-K,20181231.0,2018.0,FY,20190227,abbv,1551152,20181231,0.0,USD,0.01,0001551152-19-000008,BS,CommonStockParOrStatedValuePerShare,us-gaap/2018,"Common stock, par value (in dollars per share)"
1378003,60015,ABBVIE INC.,2834.0,1231.0,10-K,20181231.0,2018.0,FY,20190227,abbv,1551152,20171231,0.0,shares,4000000000.0,0001551152-19-000008,BS,CommonStockSharesAuthorized,us-gaap/2018,"Common stock, authorized (in shares)"
1378004,60016,ABBVIE INC.,2834.0,1231.0,10-K,20181231.0,2018.0,FY,20190227,abbv,1551152,20181231,0.0,shares,4000000000.0,0001551152-19-000008,BS,CommonStockSharesAuthorized,us-gaap/2018,"Common stock, authorized (in shares)"
1378005,60017,ABBVIE INC.,2834.0,1231.0,10-K,20181231.0,2018.0,FY,20190227,abbv,1551152,20171231,0.0,shares,1768738550.0,0001551152-19-000008,BS,CommonStockSharesIssued,us-gaap/2018,"Common stock, issued (in shares)"
1378006,60018,ABBVIE INC.,2834.0,1231.0,10-K,20181231.0,2018.0,FY,20190227,abbv,1551152,20181231,0.0,shares,1776510871.0,0001551152-19-000008,BS,CommonStockSharesIssued,us-gaap/2018,"Common stock, issued (in shares)"
1378007,60019,ABBVIE INC.,2834.0,1231.0,10-K,20181231.0,2018.0,FY,20190227,abbv,1551152,20171231,0.0,USD,18000000.0,0001551152-19-000008,BS,CommonStockValueOutstanding,us-gaap/2018,"Common stock, $0.01 par value, 4,000,000,000 shares authorized, 1,776,510,871 shares issued as of December 31, 2018 and 1,768,738,550 as of December 31, 2017"
1378008,60020,ABBVIE INC.,2834.0,1231.0,10-K,20181231.0,2018.0,FY,20190227,abbv,1551152,20181231,0.0,USD,18000000.0,0001551152-19-000008,BS,CommonStockValueOutstanding,us-gaap/2018,"Common stock, $0.01 par value, 4,000,000,000 shares authorized, 1,776,510,871 shares issued as of December 31, 2018 and 1,768,738,550 as of December 31, 2017"
1388558,70748,ABBVIE INC.,2834.0,1231.0,10-K,20181231.0,2018.0,FY,20190227,abbv,1551152,20171231,0.0,USD,4741000000.0,0001551152-19-000008,BS,PrepaidExpenseAndOtherAssets,us-gaap/2018,Prepaid expenses and other
1388559,70749,ABBVIE INC.,2834.0,1231.0,10-K,20181231.0,2018.0,FY,20190227,abbv,1551152,20181231,0.0,USD,1895000000.0,0001551152-19-000008,BS,PrepaidExpenseAndOtherAssets,us-gaap/2018,Prepaid expenses and other
1388560,70750,ABBVIE INC.,2834.0,1231.0,10-K,20181231.0,2018.0,FY,20190227,abbv,1551152,20161231,4.0,USD,-1187000000.0,0001551152-19-000008,CF,IncreaseDecreaseInAccountsPayableAndAccruedLiabilities,us-gaap/2018,Accounts payable and other liabilities
1388561,70751,ABBVIE INC.,2834.0,1231.0,10-K,20181231.0,2018.0,FY,20190227,abbv,1551152,20171231,4.0,USD,425000000.0,0001551152-19-000008,CF,IncreaseDecreaseInAccountsPayableAndAccruedLiabilities,us-gaap/2018,Accounts payable and other liabilities
1388562,70752,ABBVIE INC.,2834.0,1231.0,10-K,20181231.0,2018.0,FY,20190227,abbv,1551152,20181231,4.0,USD,190000000.0,0001551152-19-000008,CF,IncreaseDecreaseInAccountsPayableAndAccruedLiabilities,us-gaap/2018,Accounts payable and other liabilities
1388563,70753,ABBVIE INC.,2834.0,1231.0,10-K,20181231.0,2018.0,FY,20190227,abbv,1551152,20161231,4.0,USD,71000000.0,0001551152-19-000008,CF,IncreaseDecreaseInAccountsReceivable,us-gaap/2018,Accounts receivable
1388564,70754,ABBVIE INC.,2834.0,1231.0,10-K,20181231.0,2018.0,FY,20190227,abbv,1551152,20171231,4.0,USD,391000000.0,0001551152-19-000008,CF,IncreaseDecreaseInAccountsReceivable,us-gaap/2018,Accounts receivable
1388565,70755,ABBVIE INC.,2834.0,1231.0,10-K,20181231.0,2018.0,FY,20190227,abbv,1551152,20181231,4.0,USD,591000000.0,0001551152-19-000008,CF,IncreaseDecreaseInAccountsReceivable,us-gaap/2018,Accounts receivable
1388566,70756,ABBVIE INC.,2834.0,1231.0,10-K,20181231.0,2018.0,FY,20190227,abbv,1551152,20171231,0.0,USD,30953000000.0,0001551152-19-000008,BS,LongTermDebtAndCapitalLeaseObligations,us-gaap/2018,Long-term debt and lease obligations
1388567,70757,ABBVIE INC.,2834.0,1231.0,10-K,20181231.0,2018.0,FY,20190227,abbv,1551152,20181231,0.0,USD,35002000000.0,0001551152-19-000008,BS,LongTermDebtAndCapitalLeaseObligations,us-gaap/2018,Long-term debt and lease obligations
1388568,70758,ABBVIE INC.,2834.0,1231.0,10-K,20181231.0,2018.0,FY,20190227,abbv,1551152,20171231,0.0,USD,6015000000.0,0001551152-19-000008,BS,LongTermDebtAndCapitalLeaseObligationsCurrent,us-gaap/2018,Current portion of long-term debt and lease obligations
1388569,70759,ABBVIE INC.,2834.0,1231.0,10-K,20181231.0,2018.0,FY,20190227,abbv,1551152,20181231,0.0,USD,1609000000.0,0001551152-19-000008,BS,LongTermDebtAndCapitalLeaseObligationsCurrent,us-gaap/2018,Current portion of long-term debt and lease obligations
1388570,70760,ABBVIE INC.,2834.0,1231.0,10-K,20181231.0,2018.0,FY,20190227,abbv,1551152,20161231,4.0,USD,5928000000.0,0001551152-19-000008,CI,ComprehensiveIncomeNetOfTax,us-gaap/2018,Comprehensive income
1388571,70761,ABBVIE INC.,2834.0,1231.0,10-K,20181231.0,2018.0,FY,20190227,abbv,1551152,20171231,4.0,USD,5168000000.0,0001551152-19-000008,CI,ComprehensiveIncomeNetOfTax,us-gaap/2018,Comprehensive income
1388572,70762,ABBVIE INC.,2834.0,1231.0,10-K,20181231.0,2018.0,FY,20190227,abbv,1551152,20181231,4.0,USD,5934000000.0,0001551152-19-000008,CI,ComprehensiveIncomeNetOfTax,us-gaap/2018,Comprehensive income
1388573,70763,ABBVIE INC.,2834.0,1231.0,10-K,20181231.0,2018.0,FY,20190227,abbv,1551152,20161231,4.0,USD,-3928000000.0,0001551152-19-000008,CF,NetCashProvidedByUsedInFinancingActivities,us-gaap/2018,Cash flows from financing activities
1388574,70764,ABBVIE INC.,2834.0,1231.0,10-K,20181231.0,2018.0,FY,20190227,abbv,1551152,20171231,4.0,USD,-5512000000.0,0001551152-19-000008,CF,NetCashProvidedByUsedInFinancingActivities,us-gaap/2018,Cash flows from financing activities
1388575,70765,ABBVIE INC.,2834.0,1231.0,10-K,20181231.0,2018.0,FY,20190227,abbv,1551152,20181231,4.0,USD,-14396000000.0,0001551152-19-000008,CF,NetCashProvidedByUsedInFinancingActivities,us-gaap/2018,Cash flows from financing activities
1388576,70766,ABBVIE INC.,2834.0,1231.0,10-K,20181231.0,2018.0,FY,20190227,abbv,1551152,20161231,4.0,USD,-6074000000.0,0001551152-19-000008,CF,NetCashProvidedByUsedInInvestingActivitiesContinuingOperations,us-gaap/2018,Cash flows from investing activities
1388577,70767,ABBVIE INC.,2834.0,1231.0,10-K,20181231.0,2018.0,FY,20190227,abbv,1551152,20171231,4.0,USD,-274000000.0,0001551152-19-000008,CF,NetCashProvidedByUsedInInvestingActivitiesContinuingOperations,us-gaap/2018,Cash flows from investing activities
1388578,70768,ABBVIE INC.,2834.0,1231.0,10-K,20181231.0,2018.0,FY,20190227,abbv,1551152,20181231,4.0,USD,-1006000000.0,0001551152-19-000008,CF,NetCashProvidedByUsedInInvestingActivitiesContinuingOperations,us-gaap/2018,Cash flows from investing activities
1388579,70769,ABBVIE INC.,2834.0,1231.0,10-K,20181231.0,2018.0,FY,20190227,abbv,1551152,20161231,4.0,USD,7041000000.0,0001551152-19-000008,CF,NetCashProvidedByUsedInOperatingActivitiesContinuingOperations,us-gaap/2018,Cash flows from operating activities
1388580,70770,ABBVIE INC.,2834.0,1231.0,10-K,20181231.0,2018.0,FY,20190227,abbv,1551152,20171231,4.0,USD,9960000000.0,0001551152-19-000008,CF,NetCashProvidedByUsedInOperatingActivitiesContinuingOperations,us-gaap/2018,Cash flows from operating activities
1388581,70771,ABBVIE INC.,2834.0,1231.0,10-K,20181231.0,2018.0,FY,20190227,abbv,1551152,20181231,4.0,USD,13427000000.0,0001551152-19-000008,CF,NetCashProvidedByUsedInOperatingActivitiesContinuingOperations,us-gaap/2018,Cash flows from operating activities
1403100,85729,ABBVIE INC.,2834.0,1231.0,10-K,20181231.0,2018.0,FY,20190227,abbv,1551152,20161231,4.0,USD,5953000000.0,0001551152-19-000008,IS,NetIncomeLoss,us-gaap/2018,Net earnings
1403101,85730,ABBVIE INC.,2834.0,1231.0,10-K,20181231.0,2018.0,FY,20190227,abbv,1551152,20161231,4.0,USD,5953000000.0,0001551152-19-000008,CF,NetIncomeLoss,us-gaap/2018,Net earnings
1403102,85731,ABBVIE INC.,2834.0,1231.0,10-K,20181231.0,2018.0,FY,20190227,abbv,1551152,20161231,4.0,USD,5953000000.0,0001551152-19-000008,CI,NetIncomeLoss,us-gaap/2018,Net earnings
1403103,85732,ABBVIE INC.,2834.0,1231.0,10-K,20181231.0,2018.0,FY,20190227,abbv,1551152,20161231,4.0,USD,5953000000.0,0001551152-19-000008,EQ,NetIncomeLoss,us-gaap/2018,Net earnings
1403104,85733,ABBVIE INC.,2834.0,1231.0,10-K,20181231.0,2018.0,FY,20190227,abbv,1551152,20170331,1.0,USD,1711000000.0,0001551152-19-000008,IS,NetIncomeLoss,us-gaap/2018,Net earnings
1403105,85734,ABBVIE INC.,2834.0,1231.0,10-K,20181231.0,2018.0,FY,20190227,abbv,1551152,20170331,1.0,USD,1711000000.0,0001551152-19-000008,CF,NetIncomeLoss,us-gaap/2018,Net earnings
1403106,85735,ABBVIE INC.,2834.0,1231.0,10-K,20181231.0,2018.0,FY,20190227,abbv,1551152,20170331,1.0,USD,1711000000.0,0001551152-19-000008,CI,NetIncomeLoss,us-gaap/2018,Net earnings
1403107,85736,ABBVIE INC.,2834.0,1231.0,10-K,20181231.0,2018.0,FY,20190227,abbv,1551152,20170331,1.0,USD,1711000000.0,0001551152-19-000008,EQ,NetIncomeLoss,us-gaap/2018,Net earnings
1403108,85737,ABBVIE INC.,2834.0,1231.0,10-K,20181231.0,2018.0,FY,20190227,abbv,1551152,20170630,1.0,USD,1915000000.0,0001551152-19-000008,IS,NetIncomeLoss,us-gaap/2018,Net earnings
1403109,85738,ABBVIE INC.,2834.0,1231.0,10-K,20181231.0,2018.0,FY,20190227,abbv,1551152,20170630,1.0,USD,1915000000.0,0001551152-19-000008,CF,NetIncomeLoss,us-gaap/2018,Net earnings
1403110,85739,ABBVIE INC.,2834.0,1231.0,10-K,20181231.0,2018.0,FY,20190227,abbv,1551152,20170630,1.0,USD,1915000000.0,0001551152-19-000008,CI,NetIncomeLoss,us-gaap/2018,Net earnings
1403111,85740,ABBVIE INC.,2834.0,1231.0,10-K,20181231.0,2018.0,FY,20190227,abbv,1551152,20170630,1.0,USD,1915000000.0,0001551152-19-000008,EQ,NetIncomeLoss,us-gaap/2018,Net earnings
1403112,85741,ABBVIE INC.,2834.0,1231.0,10-K,20181231.0,2018.0,FY,20190227,abbv,1551152,20170930,1.0,USD,1631000000.0,0001551152-19-000008,IS,NetIncomeLoss,us-gaap/2018,Net earnings
1403113,85742,ABBVIE INC.,2834.0,1231.0,10-K,20181231.0,2018.0,FY,20190227,abbv,1551152,20170930,1.0,USD,1631000000.0,0001551152-19-000008,CF,NetIncomeLoss,us-gaap/2018,Net earnings
1403114,85743,ABBVIE INC.,2834.0,1231.0,10-K,20181231.0,2018.0,FY,20190227,abbv,1551152,20170930,1.0,USD,1631000000.0,0001551152-19-000008,CI,NetIncomeLoss,us-gaap/2018,Net earnings
1403115,85744,ABBVIE INC.,2834.0,1231.0,10-K,20181231.0,2018.0,FY,20190227,abbv,1551152,20170930,1.0,USD,1631000000.0,0001551152-19-000008,EQ,NetIncomeLoss,us-gaap/2018,Net earnings
1403116,85745,ABBVIE INC.,2834.0,1231.0,10-K,20181231.0,2018.0,FY,20190227,abbv,1551152,20171231,1.0,USD,52000000.0,0001551152-19-000008,IS,NetIncomeLoss,us-gaap/2018,Net earnings
1403117,85746,ABBVIE INC.,2834.0,1231.0,10-K,20181231.0,2018.0,FY,20190227,abbv,1551152,20171231,1.0,USD,52000000.0,0001551152-19-000008,CF,NetIncomeLoss,us-gaap/2018,Net earnings
1403118,85747,ABBVIE INC.,2834.0,1231.0,10-K,20181231.0,2018.0,FY,20190227,abbv,1551152,20171231,1.0,USD,52000000.0,0001551152-19-000008,CI,NetIncomeLoss,us-gaap/2018,Net earnings
1403119,85748,ABBVIE INC.,2834.0,1231.0,10-K,20181231.0,2018.0,FY,20190227,abbv,1551152,20171231,1.0,USD,52000000.0,0001551152-19-000008,EQ,NetIncomeLoss,us-gaap/2018,Net earnings
1403120,85749,ABBVIE INC.,2834.0,1231.0,10-K,20181231.0,2018.0,FY,20190227,abbv,1551152,20171231,4.0,USD,5309000000.0,0001551152-19-000008,IS,NetIncomeLoss,us-gaap/2018,Net earnings
1403121,85750,ABBVIE INC.,2834.0,1231.0,10-K,20181231.0,2018.0,FY,20190227,abbv,1551152,20171231,4.0,USD,5309000000.0,0001551152-19-000008,CF,NetIncomeLoss,us-gaap/2018,Net earnings
1403122,85751,ABBVIE INC.,2834.0,1231.0,10-K,20181231.0,2018.0,FY,20190227,abbv,1551152,20171231,4.0,USD,5309000000.0,0001551152-19-000008,CI,NetIncomeLoss,us-gaap/2018,Net earnings
1403123,85752,ABBVIE INC.,2834.0,1231.0,10-K,20181231.0,2018.0,FY,20190227,abbv,1551152,20171231,4.0,USD,5309000000.0,0001551152-19-000008,EQ,NetIncomeLoss,us-gaap/2018,Net earnings
1403124,85753,ABBVIE INC.,2834.0,1231.0,10-K,20181231.0,2018.0,FY,20190227,abbv,1551152,20180331,1.0,USD,2783000000.0,0001551152-19-000008,IS,NetIncomeLoss,us-gaap/2018,Net earnings
1403125,85754,ABBVIE INC.,2834.0,1231.0,10-K,20181231.0,2018.0,FY,20190227,abbv,1551152,20180331,1.0,USD,2783000000.0,0001551152-19-000008,CF,NetIncomeLoss,us-gaap/2018,Net earnings
1403126,85755,ABBVIE INC.,2834.0,1231.0,10-K,20181231.0,2018.0,FY,20190227,abbv,1551152,20180331,1.0,USD,2783000000.0,0001551152-19-000008,CI,NetIncomeLoss,us-gaap/2018,Net earnings
1403127,85756,ABBVIE INC.,2834.0,1231.0,10-K,20181231.0,2018.0,FY,20190227,abbv,1551152,20180331,1.0,USD,2783000000.0,0001551152-19-000008,EQ,NetIncomeLoss,us-gaap/2018,Net earnings
1403128,85757,ABBVIE INC.,2834.0,1231.0,10-K,20181231.0,2018.0,FY,20190227,abbv,1551152,20180630,1.0,USD,1983000000.0,0001551152-19-000008,IS,NetIncomeLoss,us-gaap/2018,Net earnings
1403129,85758,ABBVIE INC.,2834.0,1231.0,10-K,20181231.0,2018.0,FY,20190227,abbv,1551152,20180630,1.0,USD,1983000000.0,0001551152-19-000008,CF,NetIncomeLoss,us-gaap/2018,Net earnings
1403130,85759,ABBVIE INC.,2834.0,1231.0,10-K,20181231.0,2018.0,FY,20190227,abbv,1551152,20180630,1.0,USD,1983000000.0,0001551152-19-000008,CI,NetIncomeLoss,us-gaap/2018,Net earnings
1403131,85760,ABBVIE INC.,2834.0,1231.0,10-K,20181231.0,2018.0,FY,20190227,abbv,1551152,20180630,1.0,USD,1983000000.0,0001551152-19-000008,EQ,NetIncomeLoss,us-gaap/2018,Net earnings
1403132,85761,ABBVIE INC.,2834.0,1231.0,10-K,20181231.0,2018.0,FY,20190227,abbv,1551152,20180930,1.0,USD,2747000000.0,0001551152-19-000008,IS,NetIncomeLoss,us-gaap/2018,Net earnings
1403133,85762,ABBVIE INC.,2834.0,1231.0,10-K,20181231.0,2018.0,FY,20190227,abbv,1551152,20180930,1.0,USD,2747000000.0,0001551152-19-000008,CF,NetIncomeLoss,us-gaap/2018,Net earnings
1403134,85763,ABBVIE INC.,2834.0,1231.0,10-K,20181231.0,2018.0,FY,20190227,abbv,1551152,20180930,1.0,USD,2747000000.0,0001551152-19-000008,CI,NetIncomeLoss,us-gaap/2018,Net earnings
1403135,85764,ABBVIE INC.,2834.0,1231.0,10-K,20181231.0,2018.0,FY,20190227,abbv,1551152,20180930,1.0,USD,2747000000.0,0001551152-19-000008,EQ,NetIncomeLoss,us-gaap/2018,Net earnings
1403136,85765,ABBVIE INC.,2834.0,1231.0,10-K,20181231.0,2018.0,FY,20190227,abbv,1551152,20181231,1.0,USD,-1826000000.0,0001551152-19-000008,IS,NetIncomeLoss,us-gaap/2018,Net earnings
1403137,85766,ABBVIE INC.,2834.0,1231.0,10-K,20181231.0,2018.0,FY,20190227,abbv,1551152,20181231,1.0,USD,-1826000000.0,0001551152-19-000008,CF,NetIncomeLoss,us-gaap/2018,Net earnings
1403138,85767,ABBVIE INC.,2834.0,1231.0,10-K,20181231.0,2018.0,FY,20190227,abbv,1551152,20181231,1.0,USD,-1826000000.0,0001551152-19-000008,CI,NetIncomeLoss,us-gaap/2018,Net earnings
1403139,85768,ABBVIE INC.,2834.0,1231.0,10-K,20181231.0,2018.0,FY,20190227,abbv,1551152,20181231,1.0,USD,-1826000000.0,0001551152-19-000008,EQ,NetIncomeLoss,us-gaap/2018,Net earnings
1403140,85769,ABBVIE INC.,2834.0,1231.0,10-K,20181231.0,2018.0,FY,20190227,abbv,1551152,20181231,4.0,USD,5687000000.0,0001551152-19-000008,IS,NetIncomeLoss,us-gaap/2018,Net earnings
1403141,85770,ABBVIE INC.,2834.0,1231.0,10-K,20181231.0,2018.0,FY,20190227,abbv,1551152,20181231,4.0,USD,5687000000.0,0001551152-19-000008,CF,NetIncomeLoss,us-gaap/2018,Net earnings
1403142,85771,ABBVIE INC.,2834.0,1231.0,10-K,20181231.0,2018.0,FY,20190227,abbv,1551152,20181231,4.0,USD,5687000000.0,0001551152-19-000008,CI,NetIncomeLoss,us-gaap/2018,Net earnings
1403143,85772,ABBVIE INC.,2834.0,1231.0,10-K,20181231.0,2018.0,FY,20190227,abbv,1551152,20181231,4.0,USD,5687000000.0,0001551152-19-000008,EQ,NetIncomeLoss,us-gaap/2018,Net earnings
1403144,85773,ABBVIE INC.,2834.0,1231.0,10-K,20181231.0,2018.0,FY,20190227,abbv,1551152,20161231,4.0,USD,-118000000.0,0001551152-19-000008,CF,PaymentsForProceedsFromOtherInvestingActivities,us-gaap/2018,Other
1403145,85774,ABBVIE INC.,2834.0,1231.0,10-K,20181231.0,2018.0,FY,20190227,abbv,1551152,20171231,4.0,USD,0.0,0001551152-19-000008,CF,PaymentsForProceedsFromOtherInvestingActivities,us-gaap/2018,Other
1403146,85775,ABBVIE INC.,2834.0,1231.0,10-K,20181231.0,2018.0,FY,20190227,abbv,1551152,20181231,4.0,USD,0.0,0001551152-19-000008,CF,PaymentsForProceedsFromOtherInvestingActivities,us-gaap/2018,Other
1403147,85776,ABBVIE INC.,2834.0,1231.0,10-K,20181231.0,2018.0,FY,20190227,abbv,1551152,20161231,4.0,USD,6033000000.0,0001551152-19-000008,CF,PaymentsForRepurchaseOfCommonStock,us-gaap/2018,Purchases of treasury stock
1403148,85777,ABBVIE INC.,2834.0,1231.0,10-K,20181231.0,2018.0,FY,20190227,abbv,1551152,20171231,4.0,USD,1410000000.0,0001551152-19-000008,CF,PaymentsForRepurchaseOfCommonStock,us-gaap/2018,Purchases of treasury stock
1403149,85778,ABBVIE INC.,2834.0,1231.0,10-K,20181231.0,2018.0,FY,20190227,abbv,1551152,20181231,4.0,USD,12014000000.0,0001551152-19-000008,CF,PaymentsForRepurchaseOfCommonStock,us-gaap/2018,Purchases of treasury stock
1411834,94623,ABBVIE INC.,2834.0,1231.0,10-K,20181231.0,2018.0,FY,20190227,abbv,1551152,20171231,0.0,USD,2090000000.0,0001551152-19-000008,BS,LongTermInvestments,us-gaap/2018,Investments
1411835,94624,ABBVIE INC.,2834.0,1231.0,10-K,20181231.0,2018.0,FY,20190227,abbv,1551152,20181231,0.0,USD,1420000000.0,0001551152-19-000008,BS,LongTermInvestments,us-gaap/2018,Investments
1411836,94625,ABBVIE INC.,2834.0,1231.0,10-K,20181231.0,2018.0,FY,20190227,abbv,1551152,20171231,0.0,USD,-2727000000.0,0001551152-19-000008,BS,AccumulatedOtherComprehensiveIncomeLossNetOfTax,us-gaap/2018,Accumulated other comprehensive loss
1411837,94626,ABBVIE INC.,2834.0,1231.0,10-K,20181231.0,2018.0,FY,20190227,abbv,1551152,20181231,0.0,USD,-2480000000.0,0001551152-19-000008,BS,AccumulatedOtherComprehensiveIncomeLossNetOfTax,us-gaap/2018,Accumulated other comprehensive loss
1411838,94627,ABBVIE INC.,2834.0,1231.0,10-K,20181231.0,2018.0,FY,20190227,abbv,1551152,20171231,0.0,USD,27559000000.0,0001551152-19-000008,BS,IntangibleAssetsNetExcludingGoodwill,us-gaap/2018,"Intangible assets, net"
1411839,94628,ABBVIE INC.,2834.0,1231.0,10-K,20181231.0,2018.0,FY,20190227,abbv,1551152,20181231,0.0,USD,21233000000.0,0001551152-19-000008,BS,IntangibleAssetsNetExcludingGoodwill,us-gaap/2018,"Intangible assets, net"
1411840,94629,ABBVIE INC.,2834.0,1231.0,10-K,20181231.0,2018.0,FY,20190227,abbv,1551152,20181231,4.0,USD,35000000.0,0001551152-19-000008,CF,ProceedsFromIncomeTaxRefunds,us-gaap/2018,Income taxes received
1411841,94630,ABBVIE INC.,2834.0,1231.0,10-K,20181231.0,2018.0,FY,20190227,abbv,1551152,20161231,4.0,USD,11627000000.0,0001551152-19-000008,CF,ProceedsFromIssuanceOfLongTermDebt,us-gaap/2018,Proceeds from issuance of long-term debt
1411842,94631,ABBVIE INC.,2834.0,1231.0,10-K,20181231.0,2018.0,FY,20190227,abbv,1551152,20181231,4.0,USD,5963000000.0,0001551152-19-000008,CF,ProceedsFromIssuanceOfLongTermDebt,us-gaap/2018,Proceeds from issuance of long-term debt
1411843,94632,ABBVIE INC.,2834.0,1231.0,10-K,20181231.0,2018.0,FY,20190227,abbv,1551152,20161231,4.0,USD,3717000000.0,0001551152-19-000008,CF,PaymentsOfDividends,us-gaap/2018,Dividends paid
1411844,94633,ABBVIE INC.,2834.0,1231.0,10-K,20181231.0,2018.0,FY,20190227,abbv,1551152,20171231,4.0,USD,4107000000.0,0001551152-19-000008,CF,PaymentsOfDividends,us-gaap/2018,Dividends paid
1411845,94634,ABBVIE INC.,2834.0,1231.0,10-K,20181231.0,2018.0,FY,20190227,abbv,1551152,20181231,4.0,USD,5580000000.0,0001551152-19-000008,CF,PaymentsOfDividends,us-gaap/2018,Dividends paid
1420713,103590,ABBVIE INC.,2834.0,1231.0,10-K,20181231.0,2018.0,FY,20190227,abbv,1551152,20161231,4.0,USD,0.0,0001551152-19-000008,CF,ProceedsFromOtherShortTermDebt,us-gaap/2018,Proceeds from issuance of other short-term borrowings
1420714,103591,ABBVIE INC.,2834.0,1231.0,10-K,20181231.0,2018.0,FY,20190227,abbv,1551152,20171231,4.0,USD,0.0,0001551152-19-000008,CF,ProceedsFromOtherShortTermDebt,us-gaap/2018,Proceeds from issuance of other short-term borrowings
1420715,103592,ABBVIE INC.,2834.0,1231.0,10-K,20181231.0,2018.0,FY,20190227,abbv,1551152,20181231,4.0,USD,3002000000.0,0001551152-19-000008,CF,ProceedsFromOtherShortTermDebt,us-gaap/2018,Proceeds from issuance of other short-term borrowings
1420716,103593,ABBVIE INC.,2834.0,1231.0,10-K,20181231.0,2018.0,FY,20190227,abbv,1551152,20161231,4.0,USD,29000000.0,0001551152-19-000008,CF,ProceedsFromPaymentsForOtherFinancingActivities,us-gaap/2018,"Other, net"
1420717,103594,ABBVIE INC.,2834.0,1231.0,10-K,20181231.0,2018.0,FY,20190227,abbv,1551152,20171231,4.0,USD,21000000.0,0001551152-19-000008,CF,ProceedsFromPaymentsForOtherFinancingActivities,us-gaap/2018,"Other, net"
1420718,103595,ABBVIE INC.,2834.0,1231.0,10-K,20181231.0,2018.0,FY,20190227,abbv,1551152,20181231,4.0,USD,14000000.0,0001551152-19-000008,CF,ProceedsFromPaymentsForOtherFinancingActivities,us-gaap/2018,"Other, net"
1420719,103596,ABBVIE INC.,2834.0,1231.0,10-K,20181231.0,2018.0,FY,20190227,abbv,1551152,20171231,0.0,USD,14270000000.0,0001551152-19-000008,BS,AdditionalPaidInCapitalCommonStock,us-gaap/2018,Additional paid-in-capital
1420720,103597,ABBVIE INC.,2834.0,1231.0,10-K,20181231.0,2018.0,FY,20190227,abbv,1551152,20181231,0.0,USD,14756000000.0,0001551152-19-000008,BS,AdditionalPaidInCapitalCommonStock,us-gaap/2018,Additional paid-in-capital
1420721,103598,ABBVIE INC.,2834.0,1231.0,10-K,20181231.0,2018.0,FY,20190227,abbv,1551152,20161231,4.0,USD,2495000000.0,0001551152-19-000008,CF,PaymentsToAcquireBusinessesNetOfCashAcquired,us-gaap/2018,"Acquisition of businesses, net of cash acquired"
1420722,103599,ABBVIE INC.,2834.0,1231.0,10-K,20181231.0,2018.0,FY,20190227,abbv,1551152,20161231,4.0,USD,-23000000.0,0001551152-19-000008,CF,ProceedsFromRepaymentsOfCommercialPaper,us-gaap/2018,Net change in commercial paper borrowings
1420723,103600,ABBVIE INC.,2834.0,1231.0,10-K,20181231.0,2018.0,FY,20190227,abbv,1551152,20171231,4.0,USD,23000000.0,0001551152-19-000008,CF,ProceedsFromRepaymentsOfCommercialPaper,us-gaap/2018,Net change in commercial paper borrowings
1420724,103601,ABBVIE INC.,2834.0,1231.0,10-K,20181231.0,2018.0,FY,20190227,abbv,1551152,20181231,4.0,USD,299000000.0,0001551152-19-000008,CF,ProceedsFromRepaymentsOfCommercialPaper,us-gaap/2018,Net change in commercial paper borrowings
1420725,103602,ABBVIE INC.,2834.0,1231.0,10-K,20181231.0,2018.0,FY,20190227,abbv,1551152,20161231,4.0,USD,2359000000.0,0001551152-19-000008,CF,ProceedsFromSaleMaturityAndCollectionsOfInvestments,us-gaap/2018,Sales and maturities of investment securities
1420726,103603,ABBVIE INC.,2834.0,1231.0,10-K,20181231.0,2018.0,FY,20190227,abbv,1551152,20171231,4.0,USD,2793000000.0,0001551152-19-000008,CF,ProceedsFromSaleMaturityAndCollectionsOfInvestments,us-gaap/2018,Sales and maturities of investment securities
1420727,103604,ABBVIE INC.,2834.0,1231.0,10-K,20181231.0,2018.0,FY,20190227,abbv,1551152,20181231,4.0,USD,2160000000.0,0001551152-19-000008,CF,ProceedsFromSaleMaturityAndCollectionsOfInvestments,us-gaap/2018,Sales and maturities of investment securities
1420728,103605,ABBVIE INC.,2834.0,1231.0,10-K,20181231.0,2018.0,FY,20190227,abbv,1551152,20161231,4.0,USD,5315000000.0,0001551152-19-000008,CF,PaymentsToAcquireMarketableSecurities,us-gaap/2018,Purchases of investment securities
1420729,103606,ABBVIE INC.,2834.0,1231.0,10-K,20181231.0,2018.0,FY,20190227,abbv,1551152,20171231,4.0,USD,2230000000.0,0001551152-19-000008,CF,PaymentsToAcquireMarketableSecurities,us-gaap/2018,Purchases of investment securities
1420730,103607,ABBVIE INC.,2834.0,1231.0,10-K,20181231.0,2018.0,FY,20190227,abbv,1551152,20181231,4.0,USD,1792000000.0,0001551152-19-000008,CF,PaymentsToAcquireMarketableSecurities,us-gaap/2018,Purchases of investment securities
1420731,103608,ABBVIE INC.,2834.0,1231.0,10-K,20181231.0,2018.0,FY,20190227,abbv,1551152,20161231,4.0,USD,262000000.0,0001551152-19-000008,CF,PaymentsToAcquireOtherInvestments,us-gaap/2018,Other acquisitions and investments
1420732,103609,ABBVIE INC.,2834.0,1231.0,10-K,20181231.0,2018.0,FY,20190227,abbv,1551152,20171231,4.0,USD,308000000.0,0001551152-19-000008,CF,PaymentsToAcquireOtherInvestments,us-gaap/2018,Other acquisitions and investments
1420733,103610,ABBVIE INC.,2834.0,1231.0,10-K,20181231.0,2018.0,FY,20190227,abbv,1551152,20181231,4.0,USD,736000000.0,0001551152-19-000008,CF,PaymentsToAcquireOtherInvestments,us-gaap/2018,Other acquisitions and investments
1432882,115972,ABBVIE INC.,2834.0,1231.0,10-K,20181231.0,2018.0,FY,20190227,abbv,1551152,20161231,4.0,USD,479000000.0,0001551152-19-000008,CF,PaymentsToAcquirePropertyPlantAndEquipment,us-gaap/2018,Acquisitions of property and equipment
1432883,115973,ABBVIE INC.,2834.0,1231.0,10-K,20181231.0,2018.0,FY,20190227,abbv,1551152,20171231,4.0,USD,529000000.0,0001551152-19-000008,CF,PaymentsToAcquirePropertyPlantAndEquipment,us-gaap/2018,Acquisitions of property and equipment
1432884,115974,ABBVIE INC.,2834.0,1231.0,10-K,20181231.0,2018.0,FY,20190227,abbv,1551152,20181231,4.0,USD,638000000.0,0001551152-19-000008,CF,PaymentsToAcquirePropertyPlantAndEquipment,us-gaap/2018,Acquisitions of property and equipment
1432885,115975,ABBVIE INC.,2834.0,1231.0,10-K,20181231.0,2018.0,FY,20190227,abbv,1551152,20151231,0.0,USD,8399000000.0,0001551152-19-000008,BS,CashAndCashEquivalentsAtCarryingValue,us-gaap/2018,Cash and equivalents
1432886,115976,ABBVIE INC.,2834.0,1231.0,10-K,20181231.0,2018.0,FY,20190227,abbv,1551152,20151231,0.0,USD,8399000000.0,0001551152-19-000008,CF,CashAndCashEquivalentsAtCarryingValue,us-gaap/2018,"Cash and equivalents, beginning of year"
1432887,115977,ABBVIE INC.,2834.0,1231.0,10-K,20181231.0,2018.0,FY,20190227,abbv,1551152,20151231,0.0,USD,8399000000.0,0001551152-19-000008,CF,CashAndCashEquivalentsAtCarryingValue,us-gaap/2018,"Cash and equivalents, end of year"
1432888,115978,ABBVIE INC.,2834.0,1231.0,10-K,20181231.0,2018.0,FY,20190227,abbv,1551152,20161231,0.0,USD,5100000000.0,0001551152-19-000008,BS,CashAndCashEquivalentsAtCarryingValue,us-gaap/2018,Cash and equivalents
1432889,115979,ABBVIE INC.,2834.0,1231.0,10-K,20181231.0,2018.0,FY,20190227,abbv,1551152,20161231,0.0,USD,5100000000.0,0001551152-19-000008,CF,CashAndCashEquivalentsAtCarryingValue,us-gaap/2018,"Cash and equivalents, beginning of year"
1432890,115980,ABBVIE INC.,2834.0,1231.0,10-K,20181231.0,2018.0,FY,20190227,abbv,1551152,20161231,0.0,USD,5100000000.0,0001551152-19-000008,CF,CashAndCashEquivalentsAtCarryingValue,us-gaap/2018,"Cash and equivalents, end of year"
1432891,115981,ABBVIE INC.,2834.0,1231.0,10-K,20181231.0,2018.0,FY,20190227,abbv,1551152,20171231,0.0,USD,9303000000.0,0001551152-19-000008,BS,CashAndCashEquivalentsAtCarryingValue,us-gaap/2018,Cash and equivalents
1432892,115982,ABBVIE INC.,2834.0,1231.0,10-K,20181231.0,2018.0,FY,20190227,abbv,1551152,20171231,0.0,USD,9303000000.0,0001551152-19-000008,CF,CashAndCashEquivalentsAtCarryingValue,us-gaap/2018,"Cash and equivalents, beginning of year"
1432893,115983,ABBVIE INC.,2834.0,1231.0,10-K,20181231.0,2018.0,FY,20190227,abbv,1551152,20171231,0.0,USD,9303000000.0,0001551152-19-000008,CF,CashAndCashEquivalentsAtCarryingValue,us-gaap/2018,"Cash and equivalents, end of year"
1432894,115984,ABBVIE INC.,2834.0,1231.0,10-K,20181231.0,2018.0,FY,20190227,abbv,1551152,20181231,0.0,USD,7289000000.0,0001551152-19-000008,BS,CashAndCashEquivalentsAtCarryingValue,us-gaap/2018,Cash and equivalents
1432895,115985,ABBVIE INC.,2834.0,1231.0,10-K,20181231.0,2018.0,FY,20190227,abbv,1551152,20181231,0.0,USD,7289000000.0,0001551152-19-000008,CF,CashAndCashEquivalentsAtCarryingValue,us-gaap/2018,"Cash and equivalents, beginning of year"
1432896,115986,ABBVIE INC.,2834.0,1231.0,10-K,20181231.0,2018.0,FY,20190227,abbv,1551152,20181231,0.0,USD,7289000000.0,0001551152-19-000008,CF,CashAndCashEquivalentsAtCarryingValue,us-gaap/2018,"Cash and equivalents, end of year"
1432897,115987,ABBVIE INC.,2834.0,1231.0,10-K,20181231.0,2018.0,FY,20190227,abbv,1551152,20171231,0.0,shares,176607525.0,0001551152-19-000008,BS,TreasuryStockShares,us-gaap/2018,"Common stock held in treasury, at cost (in shares)"
1432898,115988,ABBVIE INC.,2834.0,1231.0,10-K,20181231.0,2018.0,FY,20190227,abbv,1551152,20181231,0.0,shares,297686473.0,0001551152-19-000008,BS,TreasuryStockShares,us-gaap/2018,"Common stock held in treasury, at cost (in shares)"
1432899,115989,ABBVIE INC.,2834.0,1231.0,10-K,20181231.0,2018.0,FY,20190227,abbv,1551152,20171231,0.0,USD,11923000000.0,0001551152-19-000008,BS,TreasuryStockValue,us-gaap/2018,"Common stock held in treasury, at cost, 297,686,473 shares as of December 31, 2018 and 176,607,525 as of December 31, 2017"
1432900,115990,ABBVIE INC.,2834.0,1231.0,10-K,20181231.0,2018.0,FY,20190227,abbv,1551152,20181231,0.0,USD,24108000000.0,0001551152-19-000008,BS,TreasuryStockValue,us-gaap/2018,"Common stock held in treasury, at cost, 297,686,473 shares as of December 31, 2018 and 176,607,525 as of December 31, 2017"
1432901,115991,ABBVIE INC.,2834.0,1231.0,10-K,20181231.0,2018.0,FY,20190227,abbv,1551152,20161231,4.0,USD,-3299000000.0,0001551152-19-000008,CF,CashAndCashEquivalentsPeriodIncreaseDecrease,us-gaap/2018,Net change in cash and equivalents
1432902,115992,ABBVIE INC.,2834.0,1231.0,10-K,20181231.0,2018.0,FY,20190227,abbv,1551152,20171231,4.0,USD,4203000000.0,0001551152-19-000008,CF,CashAndCashEquivalentsPeriodIncreaseDecrease,us-gaap/2018,Net change in cash and equivalents
1432903,115993,ABBVIE INC.,2834.0,1231.0,10-K,20181231.0,2018.0,FY,20190227,abbv,1551152,20181231,4.0,USD,-2014000000.0,0001551152-19-000008,CF,CashAndCashEquivalentsPeriodIncreaseDecrease,us-gaap/2018,Net change in cash and equivalents
1432904,115994,ABBVIE INC.,2834.0,1231.0,10-K,20181231.0,2018.0,FY,20190227,abbv,1551152,20161231,4.0,USD,6018000000.0,0001551152-19-000008,EQ,TreasuryStockValueAcquiredCostMethod,us-gaap/2018,Purchases of treasury stock
1432905,115995,ABBVIE INC.,2834.0,1231.0,10-K,20181231.0,2018.0,FY,20190227,abbv,1551152,20171231,4.0,USD,1125000000.0,0001551152-19-000008,EQ,TreasuryStockValueAcquiredCostMethod,us-gaap/2018,Purchases of treasury stock
1432906,115996,ABBVIE INC.,2834.0,1231.0,10-K,20181231.0,2018.0,FY,20190227,abbv,1551152,20181231,4.0,USD,12215000000.0,0001551152-19-000008,EQ,TreasuryStockValueAcquiredCostMethod,us-gaap/2018,Purchases of treasury stock
1446445,129784,ABBVIE INC.,2834.0,1231.0,10-K,20181231.0,2018.0,FY,20190227,abbv,1551152,20171231,0.0,USD,70786000000.0,0001551152-19-000008,BS,LiabilitiesAndStockholdersEquity,us-gaap/2018,Total liabilities and equity
1446446,129785,ABBVIE INC.,2834.0,1231.0,10-K,20181231.0,2018.0,FY,20190227,abbv,1551152,20181231,0.0,USD,59352000000.0,0001551152-19-000008,BS,LiabilitiesAndStockholdersEquity,us-gaap/2018,Total liabilities and equity
1446447,129786,ABBVIE INC.,2834.0,1231.0,10-K,20181231.0,2018.0,FY,20190227,abbv,1551152,20171231,0.0,USD,16641000000.0,0001551152-19-000008,BS,LiabilitiesCurrent,us-gaap/2018,Total current liabilities
1446448,129787,ABBVIE INC.,2834.0,1231.0,10-K,20181231.0,2018.0,FY,20190227,abbv,1551152,20181231,0.0,USD,17239000000.0,0001551152-19-000008,BS,LiabilitiesCurrent,us-gaap/2018,Total current liabilities
1446449,129788,ABBVIE INC.,2834.0,1231.0,10-K,20181231.0,2018.0,FY,20190227,abbv,1551152,20161231,4.0,USD,268000000.0,0001551152-19-000008,CF,ProceedsFromStockOptionsExercised,us-gaap/2018,Proceeds from the exercise of stock options
1446450,129789,ABBVIE INC.,2834.0,1231.0,10-K,20181231.0,2018.0,FY,20190227,abbv,1551152,20171231,4.0,USD,254000000.0,0001551152-19-000008,CF,ProceedsFromStockOptionsExercised,us-gaap/2018,Proceeds from the exercise of stock options
1446451,129790,ABBVIE INC.,2834.0,1231.0,10-K,20181231.0,2018.0,FY,20190227,abbv,1551152,20181231,4.0,USD,73000000.0,0001551152-19-000008,CF,ProceedsFromStockOptionsExercised,us-gaap/2018,Proceeds from the exercise of stock options
1446452,129791,ABBVIE INC.,2834.0,1231.0,10-K,20181231.0,2018.0,FY,20190227,abbv,1551152,20171231,0.0,USD,15605000000.0,0001551152-19-000008,BS,LiabilitiesOtherThanLongtermDebtNoncurrent,us-gaap/2018,Other long-term liabilities
1446453,129792,ABBVIE INC.,2834.0,1231.0,10-K,20181231.0,2018.0,FY,20190227,abbv,1551152,20181231,0.0,USD,14490000000.0,0001551152-19-000008,BS,LiabilitiesOtherThanLongtermDebtNoncurrent,us-gaap/2018,Other long-term liabilities
1446454,129793,ABBVIE INC.,2834.0,1231.0,10-K,20181231.0,2018.0,FY,20190227,abbv,1551152,20161231,4.0,USD,3823000000.0,0001551152-19-000008,EQ,DividendsCommonStockCash,us-gaap/2018,Dividends declared
1446455,129794,ABBVIE INC.,2834.0,1231.0,10-K,20181231.0,2018.0,FY,20190227,abbv,1551152,20171231,4.0,USD,4221000000.0,0001551152-19-000008,EQ,DividendsCommonStockCash,us-gaap/2018,Dividends declared
1446456,129795,ABBVIE INC.,2834.0,1231.0,10-K,20181231.0,2018.0,FY,20190227,abbv,1551152,20181231,4.0,USD,6045000000.0,0001551152-19-000008,EQ,DividendsCommonStockCash,us-gaap/2018,Dividends declared
1453970,137431,ABBVIE INC.,2834.0,1231.0,10-K,20181231.0,2018.0,FY,20190227,abbv,1551152,20171231,0.0,USD,2803000000.0,0001551152-19-000008,BS,PropertyPlantAndEquipmentNet,us-gaap/2018,"Property and equipment, net"
1453971,137432,ABBVIE INC.,2834.0,1231.0,10-K,20181231.0,2018.0,FY,20190227,abbv,1551152,20181231,0.0,USD,2883000000.0,0001551152-19-000008,BS,PropertyPlantAndEquipmentNet,us-gaap/2018,"Property and equipment, net"
1453972,137433,ABBVIE INC.,2834.0,1231.0,10-K,20181231.0,2018.0,FY,20190227,abbv,1551152,20161231,4.0,USD,-965000000.0,0001551152-19-000008,IS,InterestIncomeExpenseNonoperatingNet,us-gaap/2018,"Interest expense, net"
1453973,137434,ABBVIE INC.,2834.0,1231.0,10-K,20181231.0,2018.0,FY,20190227,abbv,1551152,20171231,4.0,USD,-1004000000.0,0001551152-19-000008,IS,InterestIncomeExpenseNonoperatingNet,us-gaap/2018,"Interest expense, net"
1453974,137435,ABBVIE INC.,2834.0,1231.0,10-K,20181231.0,2018.0,FY,20190227,abbv,1551152,20181231,4.0,USD,-1144000000.0,0001551152-19-000008,IS,InterestIncomeExpenseNonoperatingNet,us-gaap/2018,"Interest expense, net"
1453975,137436,ABBVIE INC.,2834.0,1231.0,10-K,20181231.0,2018.0,FY,20190227,abbv,1551152,20161231,4.0,USD,986000000.0,0001551152-19-000008,CF,InterestPaidNet,us-gaap/2018,"Interest paid, net of portion capitalized"
1453976,137437,ABBVIE INC.,2834.0,1231.0,10-K,20181231.0,2018.0,FY,20190227,abbv,1551152,20171231,4.0,USD,1099000000.0,0001551152-19-000008,CF,InterestPaidNet,us-gaap/2018,"Interest paid, net of portion capitalized"
1453977,137438,ABBVIE INC.,2834.0,1231.0,10-K,20181231.0,2018.0,FY,20190227,abbv,1551152,20181231,4.0,USD,1215000000.0,0001551152-19-000008,CF,InterestPaidNet,us-gaap/2018,"Interest paid, net of portion capitalized"
1453978,137439,ABBVIE INC.,2834.0,1231.0,10-K,20181231.0,2018.0,FY,20190227,abbv,1551152,20161231,4.0,USD,5881000000.0,0001551152-19-000008,IS,SellingGeneralAndAdministrativeExpense,us-gaap/2018,"Selling, general and administrative"
1453979,137440,ABBVIE INC.,2834.0,1231.0,10-K,20181231.0,2018.0,FY,20190227,abbv,1551152,20171231,4.0,USD,6295000000.0,0001551152-19-000008,IS,SellingGeneralAndAdministrativeExpense,us-gaap/2018,"Selling, general and administrative"
1453980,137441,ABBVIE INC.,2834.0,1231.0,10-K,20181231.0,2018.0,FY,20190227,abbv,1551152,20181231,4.0,USD,7399000000.0,0001551152-19-000008,IS,SellingGeneralAndAdministrativeExpense,us-gaap/2018,"Selling, general and administrative"
1453981,137442,ABBVIE INC.,2834.0,1231.0,10-K,20181231.0,2018.0,FY,20190227,abbv,1551152,20161231,0.0,USD,15416000000.0,0001551152-19-000008,BS,Goodwill,us-gaap/2018,Goodwill
1453982,137443,ABBVIE INC.,2834.0,1231.0,10-K,20181231.0,2018.0,FY,20190227,abbv,1551152,20171231,0.0,USD,15785000000.0,0001551152-19-000008,BS,Goodwill,us-gaap/2018,Goodwill
1453983,137444,ABBVIE INC.,2834.0,1231.0,10-K,20181231.0,2018.0,FY,20190227,abbv,1551152,20181231,0.0,USD,15663000000.0,0001551152-19-000008,BS,Goodwill,us-gaap/2018,Goodwill
1462335,145877,ABBVIE INC.,2834.0,1231.0,10-K,20181231.0,2018.0,FY,20190227,abbv,1551152,20161231,4.0,shares,1631000000.0,0001551152-19-000008,IS,WeightedAverageNumberOfDilutedSharesOutstanding,us-gaap/2018,Weighted-average diluted shares outstanding (in shares)
1462336,145878,ABBVIE INC.,2834.0,1231.0,10-K,20181231.0,2018.0,FY,20190227,abbv,1551152,20171231,4.0,shares,1603000000.0,0001551152-19-000008,IS,WeightedAverageNumberOfDilutedSharesOutstanding,us-gaap/2018,Weighted-average diluted shares outstanding (in shares)
1462337,145879,ABBVIE INC.,2834.0,1231.0,10-K,20181231.0,2018.0,FY,20190227,abbv,1551152,20181231,4.0,shares,1546000000.0,0001551152-19-000008,IS,WeightedAverageNumberOfDilutedSharesOutstanding,us-gaap/2018,Weighted-average diluted shares outstanding (in shares)
1462338,145880,ABBVIE INC.,2834.0,1231.0,10-K,20181231.0,2018.0,FY,20190227,abbv,1551152,20161231,4.0,shares,1622000000.0,0001551152-19-000008,IS,WeightedAverageNumberOfSharesOutstandingBasic,us-gaap/2018,Weighted-average basic shares outstanding (in shares)
1462339,145881,ABBVIE INC.,2834.0,1231.0,10-K,20181231.0,2018.0,FY,20190227,abbv,1551152,20171231,4.0,shares,1596000000.0,0001551152-19-000008,IS,WeightedAverageNumberOfSharesOutstandingBasic,us-gaap/2018,Weighted-average basic shares outstanding (in shares)
1462340,145882,ABBVIE INC.,2834.0,1231.0,10-K,20181231.0,2018.0,FY,20190227,abbv,1551152,20181231,4.0,shares,1541000000.0,0001551152-19-000008,IS,WeightedAverageNumberOfSharesOutstandingBasic,us-gaap/2018,Weighted-average basic shares outstanding (in shares)
1462341,145883,ABBVIE INC.,2834.0,1231.0,10-K,20181231.0,2018.0,FY,20190227,abbv,1551152,20151231,0.0,USD,3945000000.0,0001551152-19-000008,BS,StockholdersEquity,us-gaap/2018,Total stockholders equity (deficit)
1462342,145884,ABBVIE INC.,2834.0,1231.0,10-K,20181231.0,2018.0,FY,20190227,abbv,1551152,20151231,0.0,USD,3945000000.0,0001551152-19-000008,EQ,StockholdersEquity,us-gaap/2018,Ending balance
1462343,145885,ABBVIE INC.,2834.0,1231.0,10-K,20181231.0,2018.0,FY,20190227,abbv,1551152,20151231,0.0,USD,3945000000.0,0001551152-19-000008,EQ,StockholdersEquity,us-gaap/2018,Beginning balance
1462344,145886,ABBVIE INC.,2834.0,1231.0,10-K,20181231.0,2018.0,FY,20190227,abbv,1551152,20161231,0.0,USD,4636000000.0,0001551152-19-000008,BS,StockholdersEquity,us-gaap/2018,Total stockholders equity (deficit)
1462345,145887,ABBVIE INC.,2834.0,1231.0,10-K,20181231.0,2018.0,FY,20190227,abbv,1551152,20161231,0.0,USD,4636000000.0,0001551152-19-000008,EQ,StockholdersEquity,us-gaap/2018,Ending balance
1462346,145888,ABBVIE INC.,2834.0,1231.0,10-K,20181231.0,2018.0,FY,20190227,abbv,1551152,20161231,0.0,USD,4636000000.0,0001551152-19-000008,EQ,StockholdersEquity,us-gaap/2018,Beginning balance
1462347,145889,ABBVIE INC.,2834.0,1231.0,10-K,20181231.0,2018.0,FY,20190227,abbv,1551152,20171231,0.0,USD,5097000000.0,0001551152-19-000008,BS,StockholdersEquity,us-gaap/2018,Total stockholders equity (deficit)
1462348,145890,ABBVIE INC.,2834.0,1231.0,10-K,20181231.0,2018.0,FY,20190227,abbv,1551152,20171231,0.0,USD,5097000000.0,0001551152-19-000008,EQ,StockholdersEquity,us-gaap/2018,Ending balance
1462349,145891,ABBVIE INC.,2834.0,1231.0,10-K,20181231.0,2018.0,FY,20190227,abbv,1551152,20171231,0.0,USD,5097000000.0,0001551152-19-000008,EQ,StockholdersEquity,us-gaap/2018,Beginning balance
1462350,145892,ABBVIE INC.,2834.0,1231.0,10-K,20181231.0,2018.0,FY,20190227,abbv,1551152,20181231,0.0,USD,-8446000000.0,0001551152-19-000008,BS,StockholdersEquity,us-gaap/2018,Total stockholders equity (deficit)
1462351,145893,ABBVIE INC.,2834.0,1231.0,10-K,20181231.0,2018.0,FY,20190227,abbv,1551152,20181231,0.0,USD,-8446000000.0,0001551152-19-000008,EQ,StockholdersEquity,us-gaap/2018,Ending balance
1462352,145894,ABBVIE INC.,2834.0,1231.0,10-K,20181231.0,2018.0,FY,20190227,abbv,1551152,20181231,0.0,USD,-8446000000.0,0001551152-19-000008,EQ,StockholdersEquity,us-gaap/2018,Beginning balance
1462353,145895,ABBVIE INC.,2834.0,1231.0,10-K,20181231.0,2018.0,FY,20190227,abbv,1551152,20161231,4.0,USD,764000000.0,0001551152-19-000008,CF,AmortizationOfIntangibleAssets,us-gaap/2018,Amortization of intangible assets
1462354,145896,ABBVIE INC.,2834.0,1231.0,10-K,20181231.0,2018.0,FY,20190227,abbv,1551152,20171231,4.0,USD,1076000000.0,0001551152-19-000008,CF,AmortizationOfIntangibleAssets,us-gaap/2018,Amortization of intangible assets
1462355,145897,ABBVIE INC.,2834.0,1231.0,10-K,20181231.0,2018.0,FY,20190227,abbv,1551152,20181231,4.0,USD,1294000000.0,0001551152-19-000008,CF,AmortizationOfIntangibleAssets,us-gaap/2018,Amortization of intangible assets
1471393,154987,ABBVIE INC.,2834.0,1231.0,10-K,20181231.0,2018.0,FY,20190227,abbv,1551152,20161231,4.0,USD,3.65,0001551152-19-000008,IS,EarningsPerShareBasic,us-gaap/2018,Basic earnings per share (in dollars per share)
1471394,154988,ABBVIE INC.,2834.0,1231.0,10-K,20181231.0,2018.0,FY,20190227,abbv,1551152,20170331,1.0,USD,1.07,0001551152-19-000008,IS,EarningsPerShareBasic,us-gaap/2018,Basic earnings per share (in dollars per share)
1471395,154989,ABBVIE INC.,2834.0,1231.0,10-K,20181231.0,2018.0,FY,20190227,abbv,1551152,20170630,1.0,USD,1.2,0001551152-19-000008,IS,EarningsPerShareBasic,us-gaap/2018,Basic earnings per share (in dollars per share)
1471396,154990,ABBVIE INC.,2834.0,1231.0,10-K,20181231.0,2018.0,FY,20190227,abbv,1551152,20170930,1.0,USD,1.02,0001551152-19-000008,IS,EarningsPerShareBasic,us-gaap/2018,Basic earnings per share (in dollars per share)
1471397,154991,ABBVIE INC.,2834.0,1231.0,10-K,20181231.0,2018.0,FY,20190227,abbv,1551152,20171231,1.0,USD,0.03,0001551152-19-000008,IS,EarningsPerShareBasic,us-gaap/2018,Basic earnings per share (in dollars per share)
1471398,154992,ABBVIE INC.,2834.0,1231.0,10-K,20181231.0,2018.0,FY,20190227,abbv,1551152,20171231,4.0,USD,3.31,0001551152-19-000008,IS,EarningsPerShareBasic,us-gaap/2018,Basic earnings per share (in dollars per share)
1471399,154993,ABBVIE INC.,2834.0,1231.0,10-K,20181231.0,2018.0,FY,20190227,abbv,1551152,20180331,1.0,USD,1.74,0001551152-19-000008,IS,EarningsPerShareBasic,us-gaap/2018,Basic earnings per share (in dollars per share)
1471400,154994,ABBVIE INC.,2834.0,1231.0,10-K,20181231.0,2018.0,FY,20190227,abbv,1551152,20180630,1.0,USD,1.26,0001551152-19-000008,IS,EarningsPerShareBasic,us-gaap/2018,Basic earnings per share (in dollars per share)
1471401,154995,ABBVIE INC.,2834.0,1231.0,10-K,20181231.0,2018.0,FY,20190227,abbv,1551152,20180930,1.0,USD,1.81,0001551152-19-000008,IS,EarningsPerShareBasic,us-gaap/2018,Basic earnings per share (in dollars per share)
1471402,154996,ABBVIE INC.,2834.0,1231.0,10-K,20181231.0,2018.0,FY,20190227,abbv,1551152,20181231,1.0,USD,-1.23,0001551152-19-000008,IS,EarningsPerShareBasic,us-gaap/2018,Basic earnings per share (in dollars per share)
1471403,154997,ABBVIE INC.,2834.0,1231.0,10-K,20181231.0,2018.0,FY,20190227,abbv,1551152,20181231,4.0,USD,3.67,0001551152-19-000008,IS,EarningsPerShareBasic,us-gaap/2018,Basic earnings per share (in dollars per share)
1471404,154998,ABBVIE INC.,2834.0,1231.0,10-K,20181231.0,2018.0,FY,20190227,abbv,1551152,20161231,4.0,USD,3.63,0001551152-19-000008,IS,EarningsPerShareDiluted,us-gaap/2018,Diluted earnings per share (in dollars per share)
1471405,154999,ABBVIE INC.,2834.0,1231.0,10-K,20181231.0,2018.0,FY,20190227,abbv,1551152,20170331,1.0,USD,1.06,0001551152-19-000008,IS,EarningsPerShareDiluted,us-gaap/2018,Diluted earnings per share (in dollars per share)
1471406,155000,ABBVIE INC.,2834.0,1231.0,10-K,20181231.0,2018.0,FY,20190227,abbv,1551152,20170630,1.0,USD,1.19,0001551152-19-000008,IS,EarningsPerShareDiluted,us-gaap/2018,Diluted earnings per share (in dollars per share)
1471407,155001,ABBVIE INC.,2834.0,1231.0,10-K,20181231.0,2018.0,FY,20190227,abbv,1551152,20170930,1.0,USD,1.01,0001551152-19-000008,IS,EarningsPerShareDiluted,us-gaap/2018,Diluted earnings per share (in dollars per share)
1471408,155002,ABBVIE INC.,2834.0,1231.0,10-K,20181231.0,2018.0,FY,20190227,abbv,1551152,20171231,1.0,USD,0.03,0001551152-19-000008,IS,EarningsPerShareDiluted,us-gaap/2018,Diluted earnings per share (in dollars per share)
1471409,155003,ABBVIE INC.,2834.0,1231.0,10-K,20181231.0,2018.0,FY,20190227,abbv,1551152,20171231,4.0,USD,3.3,0001551152-19-000008,IS,EarningsPerShareDiluted,us-gaap/2018,Diluted earnings per share (in dollars per share)
1471410,155004,ABBVIE INC.,2834.0,1231.0,10-K,20181231.0,2018.0,FY,20190227,abbv,1551152,20180331,1.0,USD,1.74,0001551152-19-000008,IS,EarningsPerShareDiluted,us-gaap/2018,Diluted earnings per share (in dollars per share)
1471411,155005,ABBVIE INC.,2834.0,1231.0,10-K,20181231.0,2018.0,FY,20190227,abbv,1551152,20180630,1.0,USD,1.26,0001551152-19-000008,IS,EarningsPerShareDiluted,us-gaap/2018,Diluted earnings per share (in dollars per share)
1471412,155006,ABBVIE INC.,2834.0,1231.0,10-K,20181231.0,2018.0,FY,20190227,abbv,1551152,20180930,1.0,USD,1.81,0001551152-19-000008,IS,EarningsPerShareDiluted,us-gaap/2018,Diluted earnings per share (in dollars per share)
1471413,155007,ABBVIE INC.,2834.0,1231.0,10-K,20181231.0,2018.0,FY,20190227,abbv,1551152,20181231,1.0,USD,-1.23,0001551152-19-000008,IS,EarningsPerShareDiluted,us-gaap/2018,Diluted earnings per share (in dollars per share)
1471414,155008,ABBVIE INC.,2834.0,1231.0,10-K,20181231.0,2018.0,FY,20190227,abbv,1551152,20181231,4.0,USD,3.66,0001551152-19-000008,IS,EarningsPerShareDiluted,us-gaap/2018,Diluted earnings per share (in dollars per share)
1471415,155009,ABBVIE INC.,2834.0,1231.0,10-K,20181231.0,2018.0,FY,20190227,abbv,1551152,20161231,4.0,USD,5832000000.0,0001551152-19-000008,IS,CostOfGoodsAndServicesSold,us-gaap/2018,Cost of products sold
1471416,155010,ABBVIE INC.,2834.0,1231.0,10-K,20181231.0,2018.0,FY,20190227,abbv,1551152,20171231,4.0,USD,7042000000.0,0001551152-19-000008,IS,CostOfGoodsAndServicesSold,us-gaap/2018,Cost of products sold
1471417,155011,ABBVIE INC.,2834.0,1231.0,10-K,20181231.0,2018.0,FY,20190227,abbv,1551152,20181231,4.0,USD,7718000000.0,0001551152-19-000008,IS,CostOfGoodsAndServicesSold,us-gaap/2018,Cost of products sold
1480022,163690,ABBVIE INC.,2834.0,1231.0,10-K,20181231.0,2018.0,FY,20190227,abbv,1551152,20171231,0.0,USD,5459000000.0,0001551152-19-000008,BS,RetainedEarningsAccumulatedDeficit,us-gaap/2018,Retained earnings
1480023,163691,ABBVIE INC.,2834.0,1231.0,10-K,20181231.0,2018.0,FY,20190227,abbv,1551152,20181231,0.0,USD,3368000000.0,0001551152-19-000008,BS,RetainedEarningsAccumulatedDeficit,us-gaap/2018,Retained earnings
1480024,163692,ABBVIE INC.,2834.0,1231.0,10-K,20181231.0,2018.0,FY,20190227,abbv,1551152,20161231,4.0,USD,16298000000.0,0001551152-19-000008,IS,CostsAndExpenses,us-gaap/2018,Total operating costs and expenses
1480025,163693,ABBVIE INC.,2834.0,1231.0,10-K,20181231.0,2018.0,FY,20190227,abbv,1551152,20171231,4.0,USD,18671000000.0,0001551152-19-000008,IS,CostsAndExpenses,us-gaap/2018,Total operating costs and expenses
1480026,163694,ABBVIE INC.,2834.0,1231.0,10-K,20181231.0,2018.0,FY,20190227,abbv,1551152,20181231,4.0,USD,26370000000.0,0001551152-19-000008,IS,CostsAndExpenses,us-gaap/2018,Total operating costs and expenses
1480027,163695,ABBVIE INC.,2834.0,1231.0,10-K,20181231.0,2018.0,FY,20190227,abbv,1551152,20161231,4.0,USD,6010000000.0,0001551152-19-000008,CF,RepaymentsOfLongTermDebtAndCapitalSecurities,us-gaap/2018,Repayments of long-term debt and lease obligations
1480028,163696,ABBVIE INC.,2834.0,1231.0,10-K,20181231.0,2018.0,FY,20190227,abbv,1551152,20171231,4.0,USD,25000000.0,0001551152-19-000008,CF,RepaymentsOfLongTermDebtAndCapitalSecurities,us-gaap/2018,Repayments of long-term debt and lease obligations
1480029,163697,ABBVIE INC.,2834.0,1231.0,10-K,20181231.0,2018.0,FY,20190227,abbv,1551152,20181231,4.0,USD,6035000000.0,0001551152-19-000008,CF,RepaymentsOfLongTermDebtAndCapitalSecurities,us-gaap/2018,Repayments of long-term debt and lease obligations
1480030,163698,ABBVIE INC.,2834.0,1231.0,10-K,20181231.0,2018.0,FY,20190227,abbv,1551152,20161231,4.0,USD,-338000000.0,0001551152-19-000008,CF,EffectOfExchangeRateOnCashAndCashEquivalents,us-gaap/2018,Effect of exchange rate changes on cash and equivalents
1480031,163699,ABBVIE INC.,2834.0,1231.0,10-K,20181231.0,2018.0,FY,20190227,abbv,1551152,20171231,4.0,USD,29000000.0,0001551152-19-000008,CF,EffectOfExchangeRateOnCashAndCashEquivalents,us-gaap/2018,Effect of exchange rate changes on cash and equivalents
1480032,163700,ABBVIE INC.,2834.0,1231.0,10-K,20181231.0,2018.0,FY,20190227,abbv,1551152,20181231,4.0,USD,-39000000.0,0001551152-19-000008,CF,EffectOfExchangeRateOnCashAndCashEquivalents,us-gaap/2018,Effect of exchange rate changes on cash and equivalents
1480033,163701,ABBVIE INC.,2834.0,1231.0,10-K,20181231.0,2018.0,FY,20190227,abbv,1551152,20161231,4.0,USD,25638000000.0,0001551152-19-000008,IS,Revenues,us-gaap/2018,Net revenues
1480034,163702,ABBVIE INC.,2834.0,1231.0,10-K,20181231.0,2018.0,FY,20190227,abbv,1551152,20170331,1.0,USD,6538000000.0,0001551152-19-000008,IS,Revenues,us-gaap/2018,Net revenues
1480035,163703,ABBVIE INC.,2834.0,1231.0,10-K,20181231.0,2018.0,FY,20190227,abbv,1551152,20170630,1.0,USD,6944000000.0,0001551152-19-000008,IS,Revenues,us-gaap/2018,Net revenues
1480036,163704,ABBVIE INC.,2834.0,1231.0,10-K,20181231.0,2018.0,FY,20190227,abbv,1551152,20170930,1.0,USD,6995000000.0,0001551152-19-000008,IS,Revenues,us-gaap/2018,Net revenues
1480037,163705,ABBVIE INC.,2834.0,1231.0,10-K,20181231.0,2018.0,FY,20190227,abbv,1551152,20171231,1.0,USD,7739000000.0,0001551152-19-000008,IS,Revenues,us-gaap/2018,Net revenues
1480038,163706,ABBVIE INC.,2834.0,1231.0,10-K,20181231.0,2018.0,FY,20190227,abbv,1551152,20171231,4.0,USD,28216000000.0,0001551152-19-000008,IS,Revenues,us-gaap/2018,Net revenues
1480039,163707,ABBVIE INC.,2834.0,1231.0,10-K,20181231.0,2018.0,FY,20190227,abbv,1551152,20180331,1.0,USD,7934000000.0,0001551152-19-000008,IS,Revenues,us-gaap/2018,Net revenues
1480040,163708,ABBVIE INC.,2834.0,1231.0,10-K,20181231.0,2018.0,FY,20190227,abbv,1551152,20180630,1.0,USD,8278000000.0,0001551152-19-000008,IS,Revenues,us-gaap/2018,Net revenues
1480041,163709,ABBVIE INC.,2834.0,1231.0,10-K,20181231.0,2018.0,FY,20190227,abbv,1551152,20180930,1.0,USD,8236000000.0,0001551152-19-000008,IS,Revenues,us-gaap/2018,Net revenues
1480042,163710,ABBVIE INC.,2834.0,1231.0,10-K,20181231.0,2018.0,FY,20190227,abbv,1551152,20181231,1.0,USD,8305000000.0,0001551152-19-000008,IS,Revenues,us-gaap/2018,Net revenues
1480043,163711,ABBVIE INC.,2834.0,1231.0,10-K,20181231.0,2018.0,FY,20190227,abbv,1551152,20181231,4.0,USD,32753000000.0,0001551152-19-000008,IS,Revenues,us-gaap/2018,Net revenues
1480044,163712,ABBVIE INC.,2834.0,1231.0,10-K,20181231.0,2018.0,FY,20190227,abbv,1551152,20171231,0.0,USD,-1733000000.0,0001551152-19-000008,EQ,CumulativeEffectOfNewAccountingPrincipleInPeriodOfAdoption,us-gaap/2018,Adoption of new accounting standards
1480045,163713,ABBVIE INC.,2834.0,1231.0,10-K,20181231.0,2018.0,FY,20190227,abbv,1551152,20161231,4.0,USD,9340000000.0,0001551152-19-000008,IS,OperatingIncomeLoss,us-gaap/2018,Operating earnings
1480046,163714,ABBVIE INC.,2834.0,1231.0,10-K,20181231.0,2018.0,FY,20190227,abbv,1551152,20171231,4.0,USD,9545000000.0,0001551152-19-000008,IS,OperatingIncomeLoss,us-gaap/2018,Operating earnings
1480047,163715,ABBVIE INC.,2834.0,1231.0,10-K,20181231.0,2018.0,FY,20190227,abbv,1551152,20181231,4.0,USD,6383000000.0,0001551152-19-000008,IS,OperatingIncomeLoss,us-gaap/2018,Operating earnings
1483848,167599,ABBVIE INC.,2834.0,1231.0,10-K,20181231.0,2018.0,FY,20190227,abbv,1551152,20161231,4.0,USD,681000000.0,0001551152-19-000008,EQ,StockIssuedDuringPeriodValueShareBasedCompensation,us-gaap/2018,Stock-based compensation plans and other
1483849,167600,ABBVIE INC.,2834.0,1231.0,10-K,20181231.0,2018.0,FY,20190227,abbv,1551152,20171231,4.0,USD,639000000.0,0001551152-19-000008,EQ,StockIssuedDuringPeriodValueShareBasedCompensation,us-gaap/2018,Stock-based compensation plans and other
1483850,167601,ABBVIE INC.,2834.0,1231.0,10-K,20181231.0,2018.0,FY,20190227,abbv,1551152,20181231,4.0,USD,516000000.0,0001551152-19-000008,EQ,StockIssuedDuringPeriodValueShareBasedCompensation,us-gaap/2018,Stock-based compensation plans and other
1490988,174879,ABBVIE INC.,2834.0,1231.0,10-K,20181231.0,2018.0,FY,20190227,abbv,1551152,20161231,4.0,USD,3923000000.0,0001551152-19-000008,CF,StockIssued1,us-gaap/2018,Issuance of common shares associated with acquisitions of businesses
1490989,174880,ABBVIE INC.,2834.0,1231.0,10-K,20181231.0,2018.0,FY,20190227,abbv,1551152,20161231,4.0,USD,200000000.0,0001551152-19-000008,IS,ResearchAndDevelopmentAssetAcquiredOtherThanThroughBusinessCombinationWrittenOff,us-gaap/2018,Acquired in-process research and development
1490990,174881,ABBVIE INC.,2834.0,1231.0,10-K,20181231.0,2018.0,FY,20190227,abbv,1551152,20171231,4.0,USD,327000000.0,0001551152-19-000008,IS,ResearchAndDevelopmentAssetAcquiredOtherThanThroughBusinessCombinationWrittenOff,us-gaap/2018,Acquired in-process research and development
1490991,174882,ABBVIE INC.,2834.0,1231.0,10-K,20181231.0,2018.0,FY,20190227,abbv,1551152,20181231,4.0,USD,424000000.0,0001551152-19-000008,IS,ResearchAndDevelopmentAssetAcquiredOtherThanThroughBusinessCombinationWrittenOff,us-gaap/2018,Acquired in-process research and development
1490992,174883,ABBVIE INC.,2834.0,1231.0,10-K,20181231.0,2018.0,FY,20190227,abbv,1551152,20161231,4.0,USD,4385000000.0,0001551152-19-000008,IS,ResearchAndDevelopmentExpenseExcludingAcquiredInProcessCost,us-gaap/2018,Research and development
1490993,174884,ABBVIE INC.,2834.0,1231.0,10-K,20181231.0,2018.0,FY,20190227,abbv,1551152,20171231,4.0,USD,5007000000.0,0001551152-19-000008,IS,ResearchAndDevelopmentExpenseExcludingAcquiredInProcessCost,us-gaap/2018,Research and development
1490994,174885,ABBVIE INC.,2834.0,1231.0,10-K,20181231.0,2018.0,FY,20190227,abbv,1551152,20181231,4.0,USD,10329000000.0,0001551152-19-000008,IS,ResearchAndDevelopmentExpenseExcludingAcquiredInProcessCost,us-gaap/2018,Research and development
1490995,174886,ABBVIE INC.,2834.0,1231.0,10-K,20181231.0,2018.0,FY,20190227,abbv,1551152,20161231,4.0,USD,3923000000.0,0001551152-19-000008,EQ,StockIssuedDuringPeriodValueAcquisitions,us-gaap/2018,Common shares issued to stockholders in acquisition
1490996,174887,ABBVIE INC.,2834.0,1231.0,10-K,20181231.0,2018.0,FY,20190227,abbv,1551152,20171231,0.0,USD,400000000.0,0001551152-19-000008,BS,ShortTermBorrowings,us-gaap/2018,Short-term borrowings
1490997,174888,ABBVIE INC.,2834.0,1231.0,10-K,20181231.0,2018.0,FY,20190227,abbv,1551152,20181231,0.0,USD,3699000000.0,0001551152-19-000008,BS,ShortTermBorrowings,us-gaap/2018,Short-term borrowings
1490998,174889,ABBVIE INC.,2834.0,1231.0,10-K,20181231.0,2018.0,FY,20190227,abbv,1551152,20171231,0.0,USD,486000000.0,0001551152-19-000008,BS,ShortTermInvestments,us-gaap/2018,Short-term investments
1490999,174890,ABBVIE INC.,2834.0,1231.0,10-K,20181231.0,2018.0,FY,20190227,abbv,1551152,20181231,0.0,USD,772000000.0,0001551152-19-000008,BS,ShortTermInvestments,us-gaap/2018,Short-term investments
1491000,174891,ABBVIE INC.,2834.0,1231.0,10-K,20181231.0,2018.0,FY,20190227,abbv,1551152,20161231,4.0,USD,353000000.0,0001551152-19-000008,CF,ShareBasedCompensation,us-gaap/2018,Stock-based compensation
1491001,174892,ABBVIE INC.,2834.0,1231.0,10-K,20181231.0,2018.0,FY,20190227,abbv,1551152,20171231,4.0,USD,365000000.0,0001551152-19-000008,CF,ShareBasedCompensation,us-gaap/2018,Stock-based compensation
1491002,174893,ABBVIE INC.,2834.0,1231.0,10-K,20181231.0,2018.0,FY,20190227,abbv,1551152,20181231,4.0,USD,421000000.0,0001551152-19-000008,CF,ShareBasedCompensation,us-gaap/2018,Stock-based compensation
1491003,174894,ABBVIE INC.,2834.0,1231.0,10-K,20181231.0,2018.0,FY,20190227,abbv,1551152,20161231,4.0,USD,0.0,0001551152-19-000008,IS,OtherExpenses,us-gaap/2018,Other expenses
1491004,174895,ABBVIE INC.,2834.0,1231.0,10-K,20181231.0,2018.0,FY,20190227,abbv,1551152,20171231,4.0,USD,0.0,0001551152-19-000008,IS,OtherExpenses,us-gaap/2018,Other expenses
1491005,174896,ABBVIE INC.,2834.0,1231.0,10-K,20181231.0,2018.0,FY,20190227,abbv,1551152,20181231,4.0,USD,500000000.0,0001551152-19-000008,IS,OtherExpenses,us-gaap/2018,Other expenses
1491006,174897,ABBVIE INC.,2834.0,1231.0,10-K,20181231.0,2018.0,FY,20190227,abbv,1551152,20161231,4.0,USD,-390000000.0,0001551152-19-000008,CF,OtherNoncashIncomeExpense,us-gaap/2018,"Other, net"
1491007,174898,ABBVIE INC.,2834.0,1231.0,10-K,20181231.0,2018.0,FY,20190227,abbv,1551152,20171231,4.0,USD,-84000000.0,0001551152-19-000008,CF,OtherNoncashIncomeExpense,us-gaap/2018,"Other, net"
1491008,174899,ABBVIE INC.,2834.0,1231.0,10-K,20181231.0,2018.0,FY,20190227,abbv,1551152,20181231,4.0,USD,-76000000.0,0001551152-19-000008,CF,OtherNoncashIncomeExpense,us-gaap/2018,"Other, net"
1491009,174900,ABBVIE INC.,2834.0,1231.0,10-K,20181231.0,2018.0,FY,20190227,abbv,1551152,20161231,4.0,USD,-188000000.0,0001551152-19-000008,IS,OtherNonoperatingIncomeExpense,us-gaap/2018,"Other expense, net"
1491010,174901,ABBVIE INC.,2834.0,1231.0,10-K,20181231.0,2018.0,FY,20190227,abbv,1551152,20171231,4.0,USD,-466000000.0,0001551152-19-000008,IS,OtherNonoperatingIncomeExpense,us-gaap/2018,"Other expense, net"
1491011,174902,ABBVIE INC.,2834.0,1231.0,10-K,20181231.0,2018.0,FY,20190227,abbv,1551152,20181231,4.0,USD,-18000000.0,0001551152-19-000008,IS,OtherNonoperatingIncomeExpense,us-gaap/2018,"Other expense, net"
1500294,184410,ABBVIE INC.,2834.0,1231.0,10-K,20181231.0,2018.0,FY,20190227,abbv,1551152,20161231,4.0,USD,0.0,0001551152-19-000008,CF,ImpactsRelatedToU.S.TaxReform,0001551152-19-000008,Impacts related to U.S. tax reform
1500295,184411,ABBVIE INC.,2834.0,1231.0,10-K,20181231.0,2018.0,FY,20190227,abbv,1551152,20171231,4.0,USD,1242000000.0,0001551152-19-000008,CF,ImpactsRelatedToU.S.TaxReform,0001551152-19-000008,Impacts related to U.S. tax reform
1500296,184412,ABBVIE INC.,2834.0,1231.0,10-K,20181231.0,2018.0,FY,20190227,abbv,1551152,20181231,4.0,USD,424000000.0,0001551152-19-000008,CF,ImpactsRelatedToU.S.TaxReform,0001551152-19-000008,Impacts related to U.S. tax reform
1500297,184413,ABBVIE INC.,2834.0,1231.0,10-K,20181231.0,2018.0,FY,20190227,abbv,1551152,20161231,4.0,USD,140000000.0,0001551152-19-000008,CI,OtherComprehensiveIncomeLossNetInvestmentHedgeGainLossAfterReclassificationandTaxPortionAttributabletoParent,0001551152-19-000008,"Net investment hedging activities, net of tax expense (benefit) of $40 in 2018, $(194) in 2017 and $79 in 2016"
1500298,184414,ABBVIE INC.,2834.0,1231.0,10-K,20181231.0,2018.0,FY,20190227,abbv,1551152,20171231,4.0,USD,-343000000.0,0001551152-19-000008,CI,OtherComprehensiveIncomeLossNetInvestmentHedgeGainLossAfterReclassificationandTaxPortionAttributabletoParent,0001551152-19-000008,"Net investment hedging activities, net of tax expense (benefit) of $40 in 2018, $(194) in 2017 and $79 in 2016"
1500299,184415,ABBVIE INC.,2834.0,1231.0,10-K,20181231.0,2018.0,FY,20190227,abbv,1551152,20181231,4.0,USD,138000000.0,0001551152-19-000008,CI,OtherComprehensiveIncomeLossNetInvestmentHedgeGainLossAfterReclassificationandTaxPortionAttributabletoParent,0001551152-19-000008,"Net investment hedging activities, net of tax expense (benefit) of $40 in 2018, $(194) in 2017 and $79 in 2016"
1500300,184416,ABBVIE INC.,2834.0,1231.0,10-K,20181231.0,2018.0,FY,20190227,abbv,1551152,20161231,4.0,USD,79000000.0,0001551152-19-000008,CI,OtherComprehensiveIncomeLossNetInvestmentHedgeTaxPortionAttributabletoParent,0001551152-19-000008,"Hedging activities, tax expense (benefit)"
1500301,184417,ABBVIE INC.,2834.0,1231.0,10-K,20181231.0,2018.0,FY,20190227,abbv,1551152,20171231,4.0,USD,-194000000.0,0001551152-19-000008,CI,OtherComprehensiveIncomeLossNetInvestmentHedgeTaxPortionAttributabletoParent,0001551152-19-000008,"Hedging activities, tax expense (benefit)"
1500302,184418,ABBVIE INC.,2834.0,1231.0,10-K,20181231.0,2018.0,FY,20190227,abbv,1551152,20181231,4.0,USD,40000000.0,0001551152-19-000008,CI,OtherComprehensiveIncomeLossNetInvestmentHedgeTaxPortionAttributabletoParent,0001551152-19-000008,"Hedging activities, tax expense (benefit)"
1500303,184419,ABBVIE INC.,2834.0,1231.0,10-K,20181231.0,2018.0,FY,20190227,abbv,1551152,20161231,4.0,USD,280000000.0,0001551152-19-000008,CF,UpfrontCostsRelatedToCollaborations,0001551152-19-000008,Upfront costs and milestones related to collaborations
1500304,184420,ABBVIE INC.,2834.0,1231.0,10-K,20181231.0,2018.0,FY,20190227,abbv,1551152,20171231,4.0,USD,470000000.0,0001551152-19-000008,CF,UpfrontCostsRelatedToCollaborations,0001551152-19-000008,Upfront costs and milestones related to collaborations
1500305,184421,ABBVIE INC.,2834.0,1231.0,10-K,20181231.0,2018.0,FY,20190227,abbv,1551152,20181231,4.0,USD,1061000000.0,0001551152-19-000008,CF,UpfrontCostsRelatedToCollaborations,0001551152-19-000008,Upfront costs and milestones related to collaborations
